,3/9,3/10,3/11,3/12,3/13,3/14,3/15,3/16,3/17,3/18,3/19,3/20,3/21,3/22,3/23,3/24,3/25,3/26,3/27,3/28,3/29,3/30,3/31,4/1,4/2,4/3,4/4,4/5,4/6,4/7,4/8,4/9,4/10,4/11,4/12,4/13,4/14,4/15,4/16,4/17,4/18,4/19,4/20,4/21,4/22,4/23,4/24,4/25,4/26,4/27,4/28,4/29,4/30,5/1,5/2,5/3,5/4,5/5,5/6,5/7,5/8,5/9,5/10,5/11,5/12,5/13,5/14,5/15,5/16,5/17,5/18,5/19,5/20,5/21,5/22,5/23,5/24,5/25,5/26,5/27,5/28,5/29,5/30,5/31,6/1,6/2,6/3,6/4,6/5,6/6,6/7,6/8,6/9,6/10,6/11,6/12,6/13,6/14,6/15,6/16,6/17,6/18,6/19,6/20,6/21,6/22,6/23,6/24,6/25,6/26,6/27,6/28,6/29,6/30,7/1,7/2,7/3,7/4,7/5,7/6,7/7,7/8,7/9,7/10,7/11,7/12,7/13,7/14,7/15,7/16,7/17,7/18,7/19,7/20,7/21,7/22,7/23,7/24
SOUTHWEST,,,,,,,,,,,,,,,,,,,,,,,,,,,,,,,,,,,,,,,,,,,,,,,,,,,,,,,,,,,,,,,,,,,,,,,,,,,,,,,,,,,,,,,,,,,,,,,,,,,,,,,,,,,,,,,,,,,,,,,,,,,,,,,,,,,,,,,,,,
Allegheny,0,0,0,0,0,2,3,5,7,11,16,28,31,40,48,58,88,133,158,219,265,290,325,356,419,476,552,605,642,689,720,759,788,836,857,876,893,904,925,947,1009,1035,1042,1059,1088,1149,1177,1198,1211,1224,1235,1273,1289,1319,1333,1345,1365,1375,1394,1439,1455,1486,1503,1511,1526,1545,1551,1582,1595,1603,1641,1658,1687,1718,1739,1753,1777,1805,1816,1828,1851,1870,1897,1911,1919,1928,1952,1965,1973,1989,2003,2008,2027,2034,2055,2065,2076,2079,2086,2113,2113,2122,2139,2159,2175,2220,2239,2284,2321,2382,2472,2568,2651,2760,2870,3103,3280,3430,3557,3775,3979,4209,4367,4547,4762,4962,5033,5364,5610,5750,5990,6125,6263,6435,6574,6670,6817,7015
Armstrong,0,0,0,0,0,0,0,0,0,0,0,0,0,0,0,1,1,1,1,2,3,3,5,5,7,11,12,12,13,18,19,20,22,26,27,28,28,29,32,32,36,38,38,38,39,43,43,46,46,47,50,50,51,52,52,52,52,53,55,55,55,55,55,55,55,56,56,57,58,58,58,58,58,58,58,58,58,58,59,61,62,62,62,62,62,62,64,64,64,65,65,65,65,65,65,66,66,66,66,68,68,68,69,69,69,69,70,70,70,72,73,73,73,74,76,77,78,79,78,78,79,79,80,84,84,86,86,88,94,96,97,97,114,119,122,129,134,138
Beaver,0,0,0,0,0,0,0,0,1,2,2,3,3,3,3,3,7,13,14,22,28,44,52,54,55,65,69,84,96,116,128,129,139,143,145,153,156,158,168,178,278,288,298,303,317,319,337,359,366,387,388,392,405,426,435,435,458,466,471,472,479,482,491,491,493,509,512,516,518,517,533,534,539,539,550,552,554,568,570,570,579,582,589,590,590,591,594,599,598,598,603,603,608,610,610,611,611,611,613,613,615,616,619,621,624,625,630,634,637,638,642,648,651,669,678,688,706,720,737,742,770,785,796,809,823,837,845,870,884,893,918,949,958,968,1011,1046,1053,1084
Butler,0,0,0,0,0,0,0,0,0,0,0,0,1,1,5,6,12,19,26,41,47,49,60,64,69,75,84,87,91,107,113,113,123,128,133,143,143,150,154,157,160,161,161,162,164,164,168,168,170,170,174,175,178,180,180,180,180,184,185,190,192,194,195,195,198,197,199,202,202,203,203,206,208,209,209,216,219,220,220,222,226,227,229,230,230,232,235,240,239,244,247,247,249,250,255,256,257,257,257,260,263,263,263,263,268,271,273,277,280,284,291,295,302,307,311,319,330,340,346,356,370,390,396,403,410,421,429,444,444,456,465,474,479,481,508,513,519,535
Cambria,0,0,0,0,0,0,0,0,0,0,0,0,0,0,1,1,1,1,1,1,1,2,2,3,4,4,6,7,7,7,9,10,11,13,13,14,14,14,14,14,17,19,19,20,21,20,20,21,21,21,22,25,28,31,32,33,34,34,35,37,40,42,44,44,44,45,45,49,53,54,54,54,54,55,55,56,57,57,57,57,57,57,57,57,58,59,59,59,59,59,59,59,60,60,61,62,61,61,61,61,61,61,62,61,61,61,62,62,64,67,73,77,78,80,83,85,90,94,96,98,104,110,113,123,132,136,137,137,143,153,163,164,167,172,181,182,191,205
Fayette,0,0,0,0,0,0,0,0,0,0,0,0,0,1,1,2,4,8,9,10,10,11,14,14,15,20,23,27,29,32,35,45,49,50,54,57,58,58,60,66,66,66,67,69,70,71,75,79,79,79,79,80,80,81,82,83,83,84,84,84,84,85,85,85,85,85,87,87,88,89,91,92,93,93,93,94,94,94,95,95,95,95,95,95,95,95,95,95,95,95,95,95,95,95,96,95,95,95,95,95,98,100,103,103,104,104,104,104,104,106,110,111,112,116,117,127,132,135,140,147,149,160,163,178,194,196,202,213,220,223,235,255,262,272,279,288,294,301
Greene,0,0,0,0,0,0,0,0,0,0,0,0,0,0,0,0,2,3,4,6,6,7,9,9,11,11,12,12,12,15,17,21,21,23,23,23,23,23,24,24,24,24,25,25,25,25,25,25,25,25,26,26,26,26,27,27,27,27,27,27,27,27,27,27,27,27,27,27,27,27,27,27,27,27,27,27,27,27,27,27,27,27,27,27,27,27,27,27,27,27,27,27,28,28,30,30,30,30,30,30,30,30,30,33,35,35,35,35,35,35,35,39,39,41,41,41,41,42,44,47,50,52,56,61,67,70,70,72,75,77,79,80,84,87,91,91,93,94
Indiana,0,0,0,0,0,0,0,0,0,0,0,0,0,0,0,0,0,1,2,2,2,2,6,6,6,7,9,13,17,21,21,21,26,40,40,43,43,43,44,45,47,51,53,55,56,59,60,63,63,63,62,63,63,63,63,69,70,74,75,75,75,76,76,76,76,78,82,84,84,84,84,86,86,88,89,89,89,89,89,90,90,90,91,91,91,91,91,91,91,91,92,92,92,92,92,93,93,93,93,95,95,97,98,98,98,98,98,98,101,101,101,102,104,108,111,112,114,114,114,114,116,119,121,121,141,150,156,169,168,174,176,178,179,180,181,185,186,193
Somerset,0,0,0,0,0,0,0,0,0,0,0,0,0,0,0,1,2,2,2,2,2,2,2,3,3,3,3,4,6,7,7,7,10,10,12,13,13,14,14,15,17,18,19,19,19,20,22,25,25,25,26,26,26,26,29,29,30,30,32,32,32,32,32,32,32,32,32,32,32,33,36,36,37,37,37,37,37,37,37,37,37,37,38,38,38,38,38,38,38,39,39,39,39,39,39,39,40,40,41,41,41,42,46,47,47,48,48,49,52,55,57,61,61,61,61,62,63,63,63,64,64,67,69,73,76,81,81,84,86,88,91,92,94,94,97,100,105,106
Washington,0,0,0,0,1,1,1,1,2,2,3,3,5,7,7,9,10,12,14,23,24,26,33,35,38,40,46,50,53,57,59,63,66,66,68,69,70,71,73,75,79,82,83,86,87,92,96,99,101,107,109,113,115,116,118,119,120,120,121,120,121,124,124,124,126,127,129,129,130,131,133,130,130,130,134,135,138,138,138,138,139,139,139,139,140,140,140,140,141,146,147,149,150,151,151,153,155,155,156,156,158,158,162,165,168,168,171,176,184,187,197,211,216,219,230,244,259,279,295,318,339,356,366,410,430,447,454,465,494,518,535,540,559,580,592,603,613,637
Westmoreland,0,0,0,0,0,0,0,0,0,0,2,4,4,4,6,11,16,24,30,41,47,55,61,72,84,110,135,147,157,177,183,190,202,218,223,228,231,237,240,249,280,284,286,291,300,307,317,360,374,377,383,386,391,393,396,401,403,405,409,411,413,415,417,418,419,419,422,423,423,427,432,431,432,434,436,437,440,441,442,442,443,444,447,449,449,451,453,455,456,457,459,461,467,473,474,483,487,490,492,493,498,502,510,519,530,546,552,563,578,587,607,620,640,646,675,711,744,774,801,828,863,896,917,952,975,994,1010,1033,1054,1089,1117,1135,1153,1174,1193,1214,1234,1252
SW New Cases,,0,0,0,1,2,1,2,4,5,8,15,6,12,15,21,51,74,44,108,66,56,78,52,90,111,129,97,75,123,65,67,79,96,42,52,25,29,47,54,211,53,25,36,59,83,71,103,38,44,29,55,43,61,34,26,49,30,36,54,31,45,31,9,23,39,22,46,22,16,66,20,39,37,39,27,36,44,16,17,39,24,41,18,10,15,34,25,8,29,26,9,35,17,31,25,18,6,13,35,15,19,42,37,41,66,37,70,74,88,144,147,122,154,172,316,268,233,201,296,316,340,221,317,333,286,123,436,333,245,349,223,223,250,267,192,218,321
,,,,,,,,,,,,,,,,,,,,,,,,,,,,,,,,,,,,,,,,,,,,,,,,,,,,,,,,,,,,,,,,,,,,,,,,,,,,,,,,,,,,,,,,,,,,,,,,,,,,,,,,,,,,,,,,,,,,,,,,,,,,,,,,,,,,,,,,,,
NORTHEAST,,,,,,,,,,,,,,,,,,,,,,,,,,,,,,,,,,,,,,,,,,,,,,,,,,,,,,,,,,,,,,,,,,,,,,,,,,,,,,,,,,,,,,,,,,,,,,,,,,,,,,,,,,,,,,,,,,,,,,,,,,,,,,,,,,,,,,,,,,
Carbon,0,0,0,0,0,0,0,0,0,0,0,0,0,0,0,1,1,2,2,3,9,13,17,23,26,34,46,50,59,67,76,83,93,98,102,102,103,112,113,118,136,140,144,150,154,155,160,162,163,164,169,170,175,181,182,183,185,185,186,189,192,195,198,198,198,205,206,206,210,214,214,214,219,221,224,227,229,231,231,232,232,234,235,235,237,241,239,250,245,248,249,249,253,255,255,257,257,259,259,259,262,262,264,267,267,267,268,271,271,272,273,274,278,278,280,283,284,286,287,287,288,291,293,296,297,298,299,301,306,309,315,319,321,324,330,335,336,342
Lackwanna,0,0,0,0,0,0,0,0,0,1,2,4,5,6,7,15,18,28,35,51,56,62,78,85,108,119,146,172,190,235,266,312,346,392,427,459,501,527,559,592,620,636,646,666,682,707,735,772,793,833,854,873,913,934,968,999,1017,1038,1076,1093,1114,1134,1172,1187,1211,1232,1256,1273,1327,1344,1363,1374,1400,1432,1451,1476,1491,1494,1503,1511,1516,1528,1543,1547,1551,1555,1556,1569,1575,1579,1583,1584,1587,1591,1595,1598,1600,1601,1602,1608,1611,1611,1617,1622,1622,1627,1630,1638,1648,1662,1680,1684,1694,1703,1707,1714,1719,1725,1733,1734,1740,1743,1749,1753,1756,1761,1764,1770,1771,1777,1788,1796,1805,1808,1817,1823,1833,1845
Lehigh,0,0,0,0,0,0,1,1,1,1,1,2,13,19,25,27,38,63,93,109,151,231,272,374,479,584,804,877,1006,1146,1319,1466,1562,1620,1684,1747,1803,1922,1999,2092,2141,2203,2245,2295,2374,2418,2478,2551,2601,2636,2685,2719,2796,2850,2896,2924,2963,2999,3063,3102,3140,3169,3241,3259,3286,3318,3378,3396,3440,3470,3491,3513,3550,3586,3613,3628,3651,3667,3676,3699,3719,3738,3747,3765,3770,3780,3802,3817,3829,3846,3858,3871,3890,3895,3907,3926,3939,3953,3957,3973,3978,3997,4024,4072,4085,4091,4109,4130,4164,4187,4205,4214,4220,4235,4258,4280,4292,4303,4311,4317,4334,4354,4370,4391,4424,4430,4439,4450,4465,4495,4519,4541,4546,4564,4585,4600,4609,4624
Luzerne,0,0,0,0,0,0,0,1,1,1,1,2,6,7,10,21,27,36,55,65,94,150,212,282,384,484,648,741,849,982,1134,1241,1325,1372,1411,1446,1523,1567,1611,1668,1712,1741,1767,1800,1848,1880,1921,1962,2008,2035,2078,2111,2143,2173,2211,2240,2255,2280,2306,2332,2347,2356,2416,2426,2449,2467,2477,2491,2513,2526,2532,2554,2572,2594,2620,2631,2645,2651,2662,2677,2689,2711,2722,2736,2739,2750,2766,2773,2782,2791,2793,2793,2798,2810,2813,2823,2824,2830,2835,2840,2841,2845,2850,2861,2864,2870,2873,2874,2883,2891,2898,2903,2906,2910,2915,2927,2939,2950,2956,2958,2964,2967,2979,2992,3002,3017,3024,3025,3036,3042,3047,3062,3068,3071,3083,3085,3091,3107
Monroe,1,1,2,2,3,3,6,8,8,7,15,19,25,31,43,45,51,67,98,106,135,182,236,278,321,397,484,528,572,610,671,716,752,774,795,816,847,872,898,929,943,963,970,995,1015,1024,1037,1054,1065,1083,1097,1111,1127,1147,1165,1172,1173,1186,1190,1194,1198,1206,1218,1224,1229,1228,1240,1242,1248,1254,1259,1267,1278,1291,1295,1302,1304,1305,1305,1310,1311,1315,1318,1319,1320,1325,1326,1333,1335,1338,1338,1341,1342,1344,1346,1347,1347,1347,1350,1356,1357,1363,1366,1370,1376,1378,1379,1384,1388,1391,1401,1405,1409,1421,1423,1428,1430,1434,1436,1439,1444,1451,1456,1462,1470,1471,1473,1474,1482,1487,1488,1494,1499,1503,1530,1534,1536,1539
Northampton,0,0,0,1,1,1,1,1,1,1,5,10,17,21,23,33,44,56,79,94,126,184,245,312,378,466,588,636,716,774,857,949,994,1039,1082,1130,1176,1251,1296,1335,1396,1441,1469,1544,1591,1656,1716,1780,1813,1834,1970,2008,2050,2103,2182,2214,2240,2279,2313,2355,2390,2429,2453,2465,2499,2518,2566,2600,2659,2703,2727,2758,2779,2814,2842,2866,2911,2920,2933,2958,3022,3045,3062,3083,3082,3108,3120,3124,3136,3144,3151,3168,3175,3193,3202,3217,3232,3240,3246,3250,3255,3270,3284,3304,3309,3312,3327,3339,3352,3360,3377,3389,3407,3413,3425,3441,3458,3463,3471,3475,3485,3500,3513,3527,3546,3554,3555,3558,3582,3601,3614,3631,3643,3649,3657,3669,3686,3703
Pike,0,0,0,1,1,1,1,1,1,2,3,2,2,3,3,4,9,15,23,27,33,39,48,57,68,83,97,114,125,136,148,163,190,208,212,221,256,268,276,290,295,301,304,314,317,327,338,347,349,352,362,369,378,383,394,405,408,412,415,419,422,427,432,433,441,451,454,458,460,460,461,469,470,473,475,476,477,477,476,476,476,476,476,476,477,478,478,478,478,481,482,482,482,483,482,482,482,482,482,485,486,487,487,487,489,489,489,489,489,489,492,493,494,496,496,498,500,502,503,503,504,504,504,504,504,504,505,507,508,509,509,511,513,514,515,517,517,519
Susquehanna,0,0,0,0,0,0,0,0,0,0,0,0,0,0,0,0,0,1,1,1,1,1,1,2,3,4,5,6,6,11,14,16,22,23,25,31,32,40,49,58,59,63,66,71,71,72,76,77,79,81,82,81,84,84,84,85,86,86,87,86,86,81,81,81,81,81,82,82,83,83,85,85,87,90,93,95,96,96,97,98,99,109,109,109,110,110,111,123,124,133,148,154,154,155,164,166,169,170,171,172,172,173,178,178,178,178,178,178,178,179,181,181,182,182,182,183,185,185,185,186,190,190,190,192,193,195,196,195,195,195,195,195,195,195,201,202,203,203
Wayne,1,1,1,1,1,1,1,1,1,1,1,1,1,2,3,4,4,6,6,6,7,10,10,14,17,23,28,33,35,40,47,49,53,57,63,67,70,75,77,81,84,84,85,86,86,87,88,92,92,93,93,95,100,102,104,109,109,109,110,113,113,116,117,117,117,107,107,107,108,108,108,110,110,112,115,117,117,118,118,118,118,119,119,119,120,120,120,121,123,123,126,124,124,123,125,125,126,126,126,126,126,128,129,130,130,130,131,131,133,138,137,139,139,140,140,140,142,141,141,141,141,141,141,141,141,141,141,141,143,144,148,148,148,149,149,148,151,151
Wyoming,0,0,0,0,0,0,0,0,0,0,0,0,0,0,0,0,0,0,0,0,0,0,0,0,1,2,5,5,5,5,5,6,6,8,9,12,11,13,14,16,16,17,17,17,17,17,17,17,17,18,18,19,20,21,25,25,27,27,27,27,28,30,30,30,31,31,31,28,29,29,30,30,30,32,33,33,33,33,33,33,34,34,34,34,34,34,34,34,34,34,34,35,36,36,36,36,36,36,36,36,36,36,36,36,37,37,37,37,37,37,37,37,37,38,38,38,39,39,39,40,40,40,41,42,44,45,47,48,48,48,49,51,52,52,52,53,56,56
NE New Cases,,0,1,2,1,0,4,3,0,1,14,12,29,20,25,36,42,82,118,70,150,260,247,308,358,411,655,311,401,443,531,464,342,248,219,221,291,325,245,287,223,187,124,225,217,188,223,248,166,149,279,148,230,192,233,145,107,138,172,137,120,113,215,62,122,96,159,86,194,114,79,104,121,150,116,90,103,38,42,78,104,93,56,58,17,61,51,70,39,56,45,39,40,44,40,52,35,32,20,41,19,48,63,92,30,22,42,50,72,63,75,38,47,50,48,68,56,40,34,18,50,51,55,64,77,39,27,26,67,71,65,76,42,39,90,47,52,71
,,,,,,,,,,,,,,,,,,,,,,,,,,,,,,,,,,,,,,,,,,,,,,,,,,,,,,,,,,,,,,,,,,,,,,,,,,,,,,,,,,,,,,,,,,,,,,,,,,,,,,,,,,,,,,,,,,,,,,,,,,,,,,,,,,,,,,,,,,
SOUTHEAST,,,,,,,,,,,,,,,,,,,,,,,,,,,,,,,,,,,,,,,,,,,,,,,,,,,,,,,,,,,,,,,,,,,,,,,,,,,,,,,,,,,,,,,,,,,,,,,,,,,,,,,,,,,,,,,,,,,,,,,,,,,,,,,,,,,,,,,,,,
Berks,0,0,0,0,0,0,0,0,0,1,1,5,7,13,14,16,20,36,65,65,68,82,110,151,168,201,235,276,326,369,416,616,720,930,1035,1150,1247,1335,1419,1537,1748,1898,1945,1988,2069,2212,2339,2406,2491,2526,2605,2637,2698,2748,2810,2886,2948,3004,3048,3095,3190,3257,3371,3417,3453,3485,3530,3593,3643,3677,3719,3735,3763,3784,3838,3845,3885,3903,3919,3952,3973,3988,4002,4061,4074,4107,4132,4152,4167,4184,4201,4218,4236,4251,4262,4281,4303,4319,4324,4341,4350,4359,4374,4388,4407,4419,4444,4453,4461,4474,4487,4498,4521,4527,4559,4563,4569,4571,4578,4581,4606,4623,4647,4663,4680,4692,4700,4710,4744,4763,4781,4798,4821,4845,4865,4889,4919,4977
Bucks,0,2,2,2,3,3,4,5,8,9,12,16,24,32,43,65,86,107,124,152,203,246,286,312,370,446,488,555,619,690,756,871,958,1051,1107,1177,1222,1300,1407,1524,1619,1722,1812,1917,2004,2131,2283,2421,2504,2585,2643,2733,2870,3055,3182,3286,3356,3445,3508,3613,3750,3852,3966,4028,4116,4166,4248,4325,4391,4439,4516,4573,4662,4726,4764,4839,4867,4894,4916,4930,4966,5012,5050,5082,5100,5116,5137,5158,5197,5243,5261,5278,5304,5340,5365,5396,5419,5428,5439,5452,5466,5498,5510,5535,5547,5567,5580,5619,5649,5676,5704,5718,5729,5744,5777,5801,5829,5844,5883,5912,5948,5967,6003,6030,6064,6083,6105,6137,6189,6228,6284,6320,6353,6387,6467,6513,6542,6614
Chester,0,0,0,0,1,2,2,2,4,9,10,17,19,23,40,40,54,84,107,116,137,146,159,183,210,226,250,269,307,335,373,425,485,532,562,593,621,658,699,739,796,839,883,919,950,989,1064,1134,1177,1214,1256,1304,1375,1432,1469,1502,1560,1601,1636,1673,1728,1774,1865,1884,1929,1955,2008,2060,2100,2118,2153,2199,2217,2267,2320,2364,2390,2428,2454,2504,2555,2607,2669,2729,2784,2823,2863,2902,2959,3014,3053,3102,3134,3161,3189,3247,3269,3295,3315,3343,3367,3397,3437,3457,3486,3513,3537,3559,3578,3607,3639,3658,3677,3711,3731,3751,3781,3800,3831,3839,3863,3892,3918,3954,3992,4012,4016,4053,4108,4129,4196,4245,4295,4326,4376,4414,4469,4532
Delaware,1,1,1,1,6,6,7,7,9,14,14,23,33,43,54,84,101,156,185,226,276,303,338,390,470,542,616,708,822,898,1034,1222,1377,1510,1594,1712,1806,1882,1999,2226,2317,2405,2484,2654,2757,2902,3055,3161,3281,3361,3463,3619,3696,3848,3999,4113,4198,4269,4373,4497,4680,4836,4976,5046,5084,5157,5252,5409,5555,5619,5689,5754,5844,5969,6060,6114,6179,6210,6243,6289,6337,6379,6420,6461,6481,6496,6548,6587,6608,6659,6688,6698,6733,6754,6805,6837,6868,6888,6921,6936,6967,6981,7003,7023,7038,7051,7065,7079,7095,7117,7133,7154,7170,7201,7230,7253,7288,7303,7334,7349,7384,7427,7447,7495,7513,7548,7569,7606,7651,7696,7762,7815,7863,7903,7962,8003,8049,8140
Lancaster,0,0,0,0,0,0,0,0,0,0,2,2,4,6,5,10,12,21,33,45,67,97,123,157,203,232,291,371,408,490,561,596,648,698,772,828,865,914,970,1030,1113,1188,1236,1295,1326,1359,1451,1501,1577,1633,1678,1703,1765,1820,1904,1936,1991,2018,2041,2070,2122,2185,2223,2256,2295,2325,2364,2428,2470,2508,2552,2593,2599,2690,2736,2790,2854,2896,2985,3031,3056,3105,3131,3161,3189,3218,3267,3301,3337,3404,3461,3503,3554,3600,3632,3682,3719,3752,3777,3802,3830,3867,3911,3949,3999,4029,4106,4152,4212,4280,4326,4388,4414,4442,4464,4504,4530,4572,4589,4602,4623,4673,4711,4783,4816,4844,4851,4876,4906,4951,4988,5019,5052,5084,5122,5158,5190,5228
Montgomery,7,8,9,13,18,20,24,30,32,42,47,59,71,87,129,144,172,282,374,411,488,540,570,649,735,875,982,1111,1230,1359,1521,1693,1889,2053,2164,2285,2354,2475,2544,2684,2781,2913,3040,3154,3294,3395,3525,3627,3733,3817,4043,4177,4307,4406,4487,4552,4645,4687,4827,4915,5037,5116,5260,5292,5442,5513,5583,5697,5797,5872,6012,6063,6154,6268,6366,6464,6525,6576,6598,6738,6811,6906,7006,7061,7093,7172,7242,7351,7416,7542,7582,7610,7672,7709,7754,7834,7865,7898,7930,7950,7990,8014,8046,8076,8103,8123,8159,8188,8244,8301,8351,8377,8413,8448,8483,8514,8562,8589,8610,8634,8682,8718,8749,8790,8828,8856,8876,8907,8972,8999,9060,9091,9148,9182,9222,9282,9311,9385
Philadelphia,0,1,1,1,3,4,6,8,10,17,33,42,69,91,128,177,257,402,530,709,865,1007,1197,1478,1852,2284,2610,3135,3611,4012,4456,5029,5521,6022,6352,6810,7121,7347,7684,8138,8502,8764,9038,9391,9696,10090,10507,10893,11152,11361,11604,11885,12297,12544,12948,13179,13316,13563,13742,14006,14384,14637,14883,15008,15218,15376,15624,15835,16032,16140,16340,16487,16645,16840,17057,17208,17384,17495,17597,17839,17972,18156,18347,18426,18517,18703,18785,18888,18977,19110,19213,19295,19388,19481,19572,19746,19856,19933,20007,20096,20184,20276,20404,20517,20636,20726,20823,20949,21072,21203,21327,21415,21512,21600,21724,21862,21885,22018,22016,22014,22302,22392,22553,22735,22840,22987,22987,23128,23263,23395,23558,23657,23839,23925,24093,24092,24403,24630
Schuylkill,0,0,0,0,0,0,0,0,0,0,0,0,0,1,3,5,6,9,13,16,21,30,38,47,54,63,77,90,103,119,136,149,164,179,188,192,200,212,236,244,254,261,267,277,283,290,300,311,321,324,330,343,368,375,384,395,398,405,419,422,430,437,451,453,459,478,490,506,512,525,529,534,541,548,560,576,585,592,600,601,606,616,623,631,631,643,646,651,653,656,656,657,659,664,668,677,681,685,691,696,698,702,703,713,714,715,719,721,730,736,739,740,741,741,747,750,753,754,754,755,759,761,765,769,773,776,776,779,782,792,795,813,818,824,826,828,830,835
SE New Cases,,4,1,4,14,4,8,9,11,29,27,45,63,69,120,125,167,389,334,309,385,326,370,546,695,807,680,966,911,846,981,1348,1161,1213,799,973,689,687,835,1164,1008,860,715,890,784,989,1156,930,782,585,801,779,975,852,955,666,563,580,602,697,1030,773,901,389,612,459,644,754,647,398,612,428,487,667,609,499,469,325,318,572,392,493,479,364,257,409,342,370,324,498,303,246,319,280,287,453,280,218,206,212,236,242,294,270,272,213,290,287,321,353,312,242,229,237,301,283,199,254,144,91,481,286,340,426,287,292,82,316,419,338,471,334,431,287,457,246,534,628
,,,,,,,,,,,,,,,,,,,,,,,,,,,,,,,,,,,,,,,,,,,,,,,,,,,,,,,,,,,,,,,,,,,,,,,,,,,,,,,,,,,,,,,,,,,,,,,,,,,,,,,,,,,,,,,,,,,,,,,,,,,,,,,,,,,,,,,,,,
NORTHCENTRAL,,,,,,,,,,,,,,,,,,,,,,,,,,,,,,,,,,,,,,,,,,,,,,,,,,,,,,,,,,,,,,,,,,,,,,,,,,,,,,,,,,,,,,,,,,,,,,,,,,,,,,,,,,,,,,,,,,,,,,,,,,,,,,,,,,,,,,,,,,
Bradford,0,0,0,0,0,0,0,0,0,0,0,0,0,0,0,1,1,2,2,3,3,3,7,8,8,9,10,10,10,14,15,15,16,18,18,19,19,19,19,20,24,25,25,31,29,28,28,28,28,28,28,29,31,33,35,35,35,35,36,36,37,38,38,38,37,39,41,41,41,41,41,41,41,43,43,44,44,44,45,46,46,46,46,46,46,48,46,46,46,46,46,46,46,46,46,46,47,47,47,47,47,49,49,49,50,50,50,51,51,56,56,56,56,57,58,58,57,57,56,56,59,59,59,59,59,59,59,59,61,61,61,62,64,67,68,69,71,72
Centre,0,0,0,0,0,0,0,0,0,0,0,1,1,1,3,7,8,9,11,15,22,24,26,27,28,32,39,43,44,55,57,59,61,69,70,70,70,72,73,73,73,73,73,77,76,76,77,81,81,87,93,95,96,96,96,102,105,106,113,116,117,117,119,119,122,126,128,129,129,131,133,132,133,136,138,143,146,147,148,149,150,151,152,153,154,154,154,154,154,155,156,157,157,158,158,165,167,169,171,177,172,172,176,180,180,184,195,196,197,198,200,201,201,201,205,211,218,224,227,228,230,232,235,239,241,243,251,253,262,262,270,277,279,288,294,299,304,306
Clinton,0,0,0,0,0,0,0,0,0,0,0,0,0,0,0,0,0,0,0,0,0,0,0,0,0,1,1,1,3,3,3,4,6,7,8,8,8,8,8,10,11,11,11,11,13,14,17,18,21,25,29,30,31,32,34,32,33,33,34,35,37,41,41,41,41,41,43,43,43,44,44,45,45,48,48,49,50,51,54,54,55,55,56,56,57,60,60,60,60,60,60,61,61,62,61,61,63,63,64,64,64,65,67,70,70,71,73,73,74,75,75,75,77,78,80,80,80,80,80,81,81,86,91,95,95,97,96,96,100,100,101,103,103,104,104,105,105,107
Columbia,0,0,0,0,0,0,0,0,0,0,0,0,0,1,1,1,1,3,3,4,6,6,7,8,11,15,20,22,26,42,54,65,81,99,106,113,125,131,146,166,184,202,208,225,239,245,252,257,269,277,279,283,283,289,290,291,296,298,302,306,307,323,324,328,330,330,333,334,336,336,337,337,340,342,342,342,344,343,343,346,346,346,346,348,348,349,349,352,352,361,364,364,367,368,369,371,376,378,380,385,387,389,390,391,392,397,397,398,399,399,399,399,400,400,403,405,407,408,411,411,412,413,416,417,419,419,420,421,424,427,428,428,430,433,436,438,443,445
Lycoming,0,0,0,0,0,0,0,0,0,0,0,0,0,0,0,0,1,1,2,2,3,4,6,7,7,8,10,9,10,12,15,17,18,20,23,28,29,30,30,32,36,37,40,42,43,44,48,53,55,57,58,61,68,71,81,85,86,86,90,99,109,127,131,132,132,139,139,141,146,147,149,149,152,152,155,158,158,160,161,161,162,162,164,164,164,164,166,166,166,166,167,168,168,168,168,168,171,171,171,172,172,172,172,172,173,173,173,175,176,176,176,177,179,182,187,193,196,208,214,214,217,232,234,239,240,242,247,249,252,259,263,264,268,274,276,279,282,290
Montour,0,0,0,0,0,0,0,0,0,0,0,0,1,1,1,3,4,4,4,5,4,10,9,13,15,16,19,37,33,27,26,25,29,29,29,39,44,44,48,48,49,48,48,47,47,47,47,47,47,48,47,47,47,48,49,50,50,50,50,50,50,49,49,49,49,50,50,50,50,50,50,50,50,51,50,50,50,50,50,50,50,50,50,52,53,53,53,53,53,53,53,53,53,53,55,56,64,64,65,65,67,68,68,68,68,68,68,68,68,69,70,73,73,73,74,75,75,75,76,76,76,76,76,77,77,79,79,80,81,82,84,84,84,86,87,86,86,87
Northumberland,0,0,0,0,0,0,0,0,0,0,0,0,0,0,0,0,0,0,1,1,1,1,1,6,8,8,9,14,15,22,22,24,29,31,37,40,48,56,60,60,67,67,73,77,77,82,84,87,90,90,92,92,93,95,98,99,100,107,111,112,118,119,124,125,126,128,132,136,139,141,143,145,150,150,155,164,170,174,177,182,186,186,190,192,194,198,199,201,206,208,209,209,211,211,213,219,222,224,228,231,234,252,254,256,271,279,280,281,284,288,294,299,302,304,314,316,320,323,327,327,328,334,339,342,343,346,346,351,352,355,360,361,363,364,365,366,369,375
Potter,0,0,0,0,0,0,0,0,0,0,0,1,1,1,1,1,1,1,1,2,2,2,2,2,2,2,3,3,3,3,3,3,3,4,4,4,4,4,4,4,4,4,4,4,4,4,4,4,4,4,4,4,4,4,4,4,4,4,4,4,4,4,4,4,4,4,4,4,4,4,4,4,4,4,4,4,4,4,4,4,4,4,4,4,4,4,4,6,8,11,11,11,11,12,12,13,13,13,13,13,13,13,13,13,13,13,13,14,14,15,15,15,15,15,16,16,17,17,17,17,17,17,17,17,18,18,18,18,19,19,19,19,19,19,19,20,20,20
Snyder,0,0,0,0,0,0,0,0,0,0,0,0,0,0,0,0,0,0,0,1,2,2,2,3,3,4,6,8,8,9,9,9,12,16,20,23,24,24,24,25,27,27,28,30,31,31,31,32,33,33,33,33,33,33,33,33,33,33,33,33,33,33,33,33,33,33,33,33,33,33,33,33,33,33,35,38,38,38,38,39,39,39,42,45,45,45,45,51,53,54,55,55,57,59,59,59,59,59,60,60,60,61,61,61,61,61,61,61,61,61,63,65,65,66,66,67,67,68,68,68,68,71,72,72,72,72,72,74,74,74,75,79,79,81,82,85,85,86
Sullivan,0,0,0,0,0,0,0,0,0,0,0,0,0,0,0,0,0,0,0,0,0,0,0,0,0,0,1,1,1,1,1,1,1,1,1,1,1,1,1,1,1,1,1,1,1,1,1,1,1,1,1,1,1,1,1,1,1,1,1,1,1,1,1,1,1,1,1,2,2,2,2,2,2,2,2,2,2,2,2,2,2,3,3,3,3,3,3,3,3,3,3,3,3,3,3,3,3,3,3,3,3,3,3,3,3,3,3,3,3,3,4,5,5,5,5,6,6,10,10,10,10,10,10,10,10,10,10,10,10,10,10,10,10,10,10,10,10,10
Tioga,0,0,0,0,0,0,0,0,0,0,0,0,0,0,0,0,0,0,1,1,1,1,2,2,2,3,3,3,8,10,10,10,11,12,13,14,13,13,13,14,14,14,14,15,15,14,14,14,14,14,14,14,16,16,16,16,16,16,16,16,16,16,16,16,16,16,16,16,16,16,16,16,16,16,16,16,16,16,16,16,16,17,17,17,17,19,19,19,19,19,19,19,19,19,20,20,20,20,20,20,20,20,20,20,22,23,23,23,23,23,24,24,25,25,25,25,26,26,27,27,27,27,27,27,29,29,29,30,31,32,32,32,32,32,33,33,33,34
Union,0,0,0,0,0,0,0,0,0,0,0,0,0,0,0,0,0,0,0,0,0,4,4,2,2,3,5,6,6,7,8,11,12,14,19,21,23,23,25,26,27,27,28,29,30,30,31,31,31,31,33,33,36,37,38,38,38,38,39,40,40,40,40,41,41,42,43,44,46,47,51,50,56,61,61,52,53,54,56,56,56,57,59,59,62,60,63,65,70,71,73,73,74,75,79,81,81,83,88,84,83,83,84,85,88,89,89,89,89,90,90,90,92,92,91,93,94,95,95,95,96,98,97,97,98,99,100,105,108,108,109,110,111,114,113,113,115,116
NC New Cases,,0,0,0,0,0,0,0,0,0,0,2,1,1,2,7,3,4,5,9,10,13,9,12,8,15,25,31,10,38,18,20,36,41,28,32,28,17,26,28,38,19,17,36,16,11,18,19,21,21,16,11,17,16,20,11,11,10,22,19,21,39,12,7,5,17,14,10,12,7,11,1,18,16,11,13,13,8,11,11,7,4,13,10,8,10,4,15,14,17,9,3,8,7,9,19,24,8,16,11,1,25,10,11,23,20,14,7,7,14,13,13,11,8,26,21,18,28,17,2,11,34,18,18,10,12,14,19,28,15,23,17,13,30,15,16,20,25
,,,,,,,,,,,,,,,,,,,,,,,,,,,,,,,,,,,,,,,,,,,,,,,,,,,,,,,,,,,,,,,,,,,,,,,,,,,,,,,,,,,,,,,,,,,,,,,,,,,,,,,,,,,,,,,,,,,,,,,,,,,,,,,,,,,,,,,,,,
SOUTHCENTRAL,,,,,,,,,,,,,,,,,,,,,,,,,,,,,,,,,,,,,,,,,,,,,,,,,,,,,,,,,,,,,,,,,,,,,,,,,,,,,,,,,,,,,,,,,,,,,,,,,,,,,,,,,,,,,,,,,,,,,,,,,,,,,,,,,,,,,,,,,,
Adams,0,0,0,0,0,0,0,0,0,0,1,4,4,5,6,6,6,7,8,8,8,8,9,12,18,19,21,22,25,28,33,38,43,44,48,56,63,64,67,70,74,80,85,91,92,95,110,113,117,122,124,130,137,140,141,145,148,148,148,151,154,156,159,167,167,169,174,183,185,189,194,194,197,204,214,222,226,227,233,236,240,241,245,251,250,255,260,263,264,269,273,275,275,278,279,284,289,290,296,298,300,304,309,311,314,317,322,321,323,324,327,328,332,339,341,342,344,349,352,352,358,361,366,377,385,396,398,399,399,409,410,412,413,414,421,424,437,441
Bedford,0,0,0,0,0,0,0,0,0,0,0,0,0,0,0,0,0,0,0,0,0,0,2,3,3,3,4,4,4,4,4,4,3,5,5,5,5,9,11,13,14,15,15,16,16,20,21,21,21,21,22,24,24,24,24,24,24,26,27,27,28,29,29,29,29,29,30,30,32,32,32,32,32,36,36,37,37,37,37,38,38,39,39,39,40,40,41,42,43,43,44,45,45,45,46,46,46,48,52,53,59,61,63,65,66,66,69,71,72,76,77,81,81,82,87,88,89,89,89,89,90,90,91,92,92,92,92,93,94,95,99,100,105,105,106,109,109,112
Blair,0,0,0,0,0,0,0,0,0,0,0,0,0,0,0,0,0,1,1,2,3,6,4,4,4,4,5,5,5,6,6,6,9,10,10,11,11,12,13,14,13,13,14,14,14,15,19,21,21,21,21,23,23,23,23,24,25,25,25,28,28,28,28,29,30,31,32,32,34,38,38,38,39,44,46,46,46,48,48,48,49,49,50,50,50,51,52,52,53,53,53,53,53,53,53,54,55,55,55,55,55,55,56,58,58,58,61,69,69,69,71,71,72,71,72,74,79,81,84,87,89,90,93,99,102,104,105,107,113,118,126,129,135,142,149,159,157,165
Cumberland,0,0,0,0,3,3,5,5,10,10,11,11,11,11,12,13,13,15,16,22,22,24,36,38,41,45,54,58,68,77,84,88,96,105,110,122,124,131,137,154,176,182,186,194,207,229,240,250,267,282,296,324,343,349,365,373,375,382,386,403,414,425,434,451,461,463,477,492,515,522,525,540,545,565,572,584,592,598,602,611,618,621,626,629,635,644,654,657,659,665,669,672,683,688,692,709,725,728,738,746,751,758,768,774,786,792,801,809,825,830,833,840,847,852,856,866,871,881,890,894,902,912,922,930,935,947,951,961,982,985,995,1008,1016,1024,1046,1058,1066,1090
Dauphin,0,0,0,0,0,0,0,0,0,0,0,0,0,1,1,4,10,13,18,23,35,36,45,59,67,79,99,118,132,155,168,180,199,213,229,240,249,271,287,311,343,368,386,400,422,445,468,492,519,529,553,558,584,601,617,634,652,695,711,735,764,797,823,830,851,871,895,912,938,963,978,989,1012,1034,1049,1061,1099,1123,1137,1174,1212,1231,1258,1277,1303,1359,1385,1404,1434,1451,1481,1499,1525,1541,1561,1587,1606,1634,1655,1674,1693,1708,1725,1745,1762,1810,1851,1864,1893,1917,1932,1942,1971,2045,2059,2120,2161,2174,2194,2198,2220,2236,2247,2268,2279,2290,2296,2309,2325,2342,2366,2400,2404,2420,2446,2466,2480,2499
Franklin,0,0,0,0,0,0,0,0,0,0,0,1,1,1,1,3,5,5,5,7,11,12,19,21,23,26,27,30,32,39,43,52,57,59,64,66,69,78,80,89,106,111,115,143,152,151,164,181,205,227,237,264,284,313,325,351,377,396,406,425,452,478,493,513,522,545,563,580,601,621,631,644,662,677,697,711,734,740,746,756,759,762,767,774,777,781,782,785,788,792,795,798,800,807,827,837,843,842,843,849,852,855,872,876,879,882,891,896,900,902,912,913,915,925,940,950,954,955,956,958,970,984,989,993,997,1003,1006,1016,1019,1033,1043,1052,1061,1074,1096,1109,1146,1176
Fulton,0,0,0,0,0,0,0,0,0,0,0,0,0,0,0,0,0,0,0,0,0,0,0,0,0,0,0,1,1,1,1,1,1,1,1,1,2,2,2,2,2,2,2,2,2,2,2,3,3,3,3,5,5,5,6,6,6,7,7,7,7,8,8,8,8,8,11,11,11,11,11,12,13,14,14,14,14,14,15,15,15,15,15,15,15,15,15,16,16,16,16,16,16,16,16,16,16,16,16,17,17,17,17,18,18,18,18,18,18,18,18,18,18,18,18,18,18,18,18,18,18,18,19,19,19,19,19,19,19,19,19,19,19,19,19,19,20,20
Huntingdon,0,0,0,0,0,0,0,0,0,0,0,0,0,0,0,0,0,0,0,1,1,1,1,1,2,3,4,4,4,5,6,8,8,10,10,11,11,12,12,12,12,13,13,13,15,20,20,22,22,24,26,29,38,40,48,56,57,59,60,109,117,119,181,187,190,197,200,204,208,214,214,214,215,221,223,227,228,228,228,228,228,228,230,230,231,231,232,234,234,236,236,236,236,237,237,237,239,239,239,239,239,239,240,240,240,240,240,242,242,245,245,245,251,252,252,252,254,254,254,254,254,254,254,256,257,258,260,260,263,263,266,267,267,269,271,272,273,276
Juniata,0,0,0,0,0,0,0,0,0,0,0,0,0,0,0,1,1,1,1,1,1,3,3,2,2,5,7,7,11,14,18,23,30,38,38,39,43,47,56,63,66,70,72,72,73,77,77,77,78,79,81,82,83,84,84,86,86,86,86,92,93,93,93,93,94,94,94,94,94,94,94,94,94,94,94,94,95,95,95,95,95,95,95,95,95,95,95,95,95,96,97,99,101,102,105,105,107,108,108,108,108,109,109,109,108,108,108,109,109,110,111,111,111,111,111,113,113,113,113,113,114,114,114,114,116,116,116,116,116,116,117,117,118,120,120,120,121,122
Lebanon,0,0,0,0,0,0,0,0,0,0,1,1,2,3,3,3,3,4,12,15,19,27,28,36,45,54,87,106,124,145,169,187,218,232,270,284,328,349,380,424,458,484,502,525,535,544,575,592,612,621,635,648,676,694,710,735,756,766,774,785,797,805,811,815,825,849,856,863,873,874,877,880,885,887,892,900,909,912,922,936,944,950,958,969,972,980,994,997,1000,1021,1062,1072,1086,1091,1106,1140,1162,1182,1190,1193,1200,1210,1226,1240,1251,1261,1272,1278,1291,1300,1309,1324,1331,1342,1350,1361,1375,1380,1383,1383,1389,1399,1404,1419,1429,1441,1448,1474,1476,1481,1484,1489,1498,1500,1509,1518,1529,1533
Mifflin ,0,0,0,0,0,0,0,0,0,0,0,0,0,0,0,0,0,0,0,0,2,1,2,1,1,2,4,9,5,6,10,10,11,10,12,17,16,15,15,17,19,20,20,21,22,24,26,26,27,30,34,36,38,37,38,39,39,42,45,48,50,50,52,52,52,53,54,57,57,57,57,57,57,57,57,57,58,58,58,58,58,58,59,59,59,59,59,59,59,59,59,59,59,59,59,59,59,59,59,60,60,61,61,61,61,61,61,61,61,62,62,62,63,63,63,63,63,64,64,65,66,68,70,70,72,72,74,74,74,76,79,81,81,82,83,82,84,87
Perry,0,0,0,0,0,0,0,0,0,0,0,0,0,0,0,0,0,0,0,1,1,1,1,1,3,4,5,5,5,9,13,15,16,16,16,17,17,17,17,18,20,20,20,20,23,23,25,26,26,26,27,30,30,32,33,34,34,34,34,34,34,34,35,35,35,35,36,36,40,40,41,41,42,43,43,45,47,47,48,53,54,56,57,59,61,62,62,64,67,67,68,68,68,68,69,70,71,72,72,73,76,77,79,82,83,83,85,85,85,86,86,86,86,86,86,86,86,86,86,86,88,89,89,90,91,92,94,95,96,96,96,96,96,96,97,98,101,105
York,0,0,0,0,0,0,0,0,0,2,2,6,9,10,10,18,20,21,29,37,43,54,66,79,102,121,144,171,189,218,233,250,283,293,307,331,371,381,393,443,463,481,493,517,531,546,563,578,593,606,614,624,641,651,664,679,702,716,722,740,753,767,773,784,793,803,817,828,835,851,857,866,872,883,895,904,924,930,943,956,970,991,1000,1007,1013,1028,1037,1038,1040,1049,1082,1086,1094,1102,1117,1141,1157,1162,1169,1183,1195,1209,1229,1255,1296,1351,1381,1400,1418,1428,1443,1456,1477,1515,1531,1555,1577,1595,1609,1613,1654,1692,1714,1791,1830,1850,1858,1872,1908,1942,1963,1975,1985,2006,2052,2067,2098,2119
SC New Cases,,0,0,0,3,0,2,0,5,2,3,8,4,4,2,15,10,9,23,27,29,27,43,41,54,54,96,79,65,102,81,74,112,62,84,80,109,79,82,160,136,93,64,105,76,87,119,92,109,80,82,104,129,87,85,108,95,101,49,153,107,98,130,74,64,90,92,83,101,83,43,52,64,94,73,70,107,48,55,92,76,56,63,55,47,99,68,38,46,65,118,43,63,46,80,118,90,60,57,56,57,58,91,80,88,125,113,63,83,61,59,51,78,146,65,122,96,55,53,18,102,95,65,146,86,76,37,78,89,91,88,82,53,73,144,86,120,124
,,,,,,,,,,,,,,,,,,,,,,,,,,,,,,,,,,,,,,,,,,,,,,,,,,,,,,,,,,,,,,,,,,,,,,,,,,,,,,,,,,,,,,,,,,,,,,,,,,,,,,,,,,,,,,,,,,,,,,,,,,,,,,,,,,,,,,,,,,
NORTHWEST,,,,,,,,,,,,,,,,,,,,,,,,,,,,,,,,,,,,,,,,,,,,,,,,,,,,,,,,,,,,,,,,,,,,,,,,,,,,,,,,,,,,,,,,,,,,,,,,,,,,,,,,,,,,,,,,,,,,,,,,,,,,,,,,,,,,,,,,,,
Cameron,0,0,0,0,0,0,0,0,0,0,0,0,0,0,0,0,0,0,0,1,1,1,1,1,1,1,1,1,1,1,1,1,1,1,1,1,1,1,1,1,1,1,1,1,1,1,1,1,1,1,1,1,1,1,1,1,1,2,2,2,2,2,2,2,2,2,2,2,2,2,2,2,2,2,2,2,2,2,2,2,2,2,2,2,2,2,2,2,2,2,2,2,2,2,2,2,2,2,2,2,2,2,2,2,2,2,2,2,2,2,3,3,3,3,3,3,3,4,4,4,4,4,4,4,4,4,4,4,5,5,5,5,5,5,5,5,5,5
Clarion,0,0,0,0,0,0,0,0,0,0,0,0,0,0,0,0,0,0,0,1,1,1,3,4,4,4,4,5,6,9,8,8,10,15,15,16,16,16,17,18,18,18,18,18,19,20,22,22,22,22,23,23,23,23,23,23,23,23,23,23,23,23,23,23,23,24,24,24,24,24,24,24,25,25,25,28,29,29,29,25,25,26,27,27,27,27,27,27,27,27,27,27,29,30,30,30,31,31,31,31,31,31,31,31,31,31,33,33,33,33,33,35,34,34,35,36,40,42,48,48,48,49,49,60,60,62,63,66,66,67,67,68,67,68,69,70,71,71
Clearfield,0,0,0,0,0,0,0,0,0,0,0,0,0,0,0,1,2,2,2,2,2,4,4,4,4,5,7,7,7,7,7,7,8,9,9,9,9,9,9,9,9,11,11,11,11,11,11,11,11,11,11,14,16,16,16,21,21,21,21,22,24,24,25,25,30,31,33,33,33,33,33,33,33,33,33,34,34,34,37,37,37,38,39,39,40,42,42,42,43,44,44,44,48,48,49,50,52,55,55,57,57,61,63,66,66,67,70,70,71,72,72,72,72,72,72,75,74,74,74,75,79,82,82,85,85,90,93,95,96,96,98,99,99,99,104,105,107,110
Crawford,0,0,0,0,0,0,0,0,0,0,0,0,0,0,0,0,0,1,1,2,3,4,4,5,5,5,5,7,9,8,8,13,13,15,15,16,16,16,16,16,16,16,16,17,17,19,19,19,19,19,19,19,19,19,19,19,19,19,20,20,20,20,20,21,21,21,21,21,21,21,21,21,21,21,21,21,22,22,22,23,23,30,29,29,29,29,29,30,30,30,30,30,31,31,32,35,35,36,36,35,35,35,38,40,40,42,43,48,50,51,53,53,53,53,57,59,62,62,66,70,72,74,76,77,77,77,78,80,101,104,105,107,107,109,112,114,114,117
Elk,0,0,0,0,0,0,0,0,0,0,0,0,0,0,0,0,0,0,0,0,0,0,0,0,0,0,0,0,0,2,2,2,2,2,2,2,2,2,2,2,2,2,2,2,2,2,2,2,3,3,3,3,3,3,4,4,4,4,4,5,5,5,5,5,5,6,6,6,6,6,6,6,6,6,6,6,6,6,6,6,6,6,6,6,6,6,6,6,6,6,6,6,6,6,6,6,6,6,6,6,6,6,8,8,8,9,9,10,10,12,12,13,13,15,15,15,16,19,20,20,24,28,29,29,29,29,30,31,31,32,33,35,37,37,38,38,38,38
Erie,0,0,0,0,0,0,0,0,0,0,0,1,1,2,3,4,4,4,7,7,7,13,14,15,16,17,19,19,20,28,29,32,36,39,39,39,41,42,46,48,58,58,60,60,62,68,72,79,77,81,86,87,87,87,90,91,91,93,95,101,113,120,124,123,124,125,127,129,134,137,145,147,163,177,190,210,209,217,223,235,242,253,274,279,295,307,314,327,332,363,367,378,396,408,427,439,451,459,468,472,478,497,515,524,532,535,542,551,559,572,582,589,595,607,620,626,642,646,650,661,679,691,699,704,707,712,718,740,747,756,763,769,781,787,805,813,818,838
Forest,0,0,0,0,0,0,0,0,0,0,0,0,0,0,0,0,0,0,0,0,0,0,0,0,1,1,2,3,4,5,5,5,5,5,5,5,5,5,7,7,7,7,7,7,7,7,7,7,7,7,7,7,7,7,7,7,7,7,7,7,7,7,7,7,7,7,7,7,7,7,7,7,7,7,7,7,7,7,7,7,7,7,7,7,7,7,7,7,7,7,7,7,7,7,7,7,7,7,7,7,7,7,7,7,7,7,7,7,7,7,7,7,7,7,7,7,7,7,7,7,7,7,7,7,7,7,7,7,7,7,7,7,7,7,7,7,7,7
Jefferson,0,0,0,0,0,0,0,0,0,0,0,0,0,0,0,0,0,0,0,0,0,0,0,0,0,0,0,0,0,1,1,1,1,1,2,2,2,2,2,2,2,2,3,3,3,4,4,4,4,4,4,4,4,4,6,6,6,6,7,7,7,7,7,7,7,7,7,7,7,7,7,7,7,7,7,7,7,7,7,7,7,7,9,9,9,12,14,14,15,16,16,16,16,16,16,18,18,18,19,19,19,20,20,20,20,20,21,21,21,21,21,21,21,22,24,24,25,28,30,30,30,33,34,37,37,37,39,41,41,41,41,46,47,47,48,48,48,48
Lawrence,0,0,0,0,0,0,0,0,0,0,0,0,0,0,0,0,1,1,4,8,8,10,13,13,16,19,22,23,24,29,32,37,45,46,49,51,51,55,55,59,60,59,59,60,61,61,61,61,61,63,63,64,65,65,65,65,65,67,68,69,69,69,70,70,71,71,71,72,72,72,72,73,73,73,73,74,74,74,74,74,74,76,79,80,80,81,83,82,82,84,85,85,85,87,86,86,87,87,87,87,88,89,90,90,90,92,92,94,99,99,101,102,101,102,103,107,110,114,119,124,129,141,146,159,171,174,197,200,207,209,221,225,226,235,243,257,261,272
McKean,0,0,0,0,0,0,0,0,0,0,0,0,0,0,0,0,0,0,0,1,1,1,1,1,1,1,1,1,1,1,1,1,1,2,2,3,4,4,4,4,4,4,4,5,5,5,5,5,5,5,5,6,6,6,6,6,6,6,6,6,6,6,6,6,8,8,8,10,10,11,11,11,11,11,11,11,11,12,12,12,12,12,12,12,12,12,12,13,13,13,13,13,13,13,13,13,13,13,13,13,13,13,13,13,14,15,15,15,15,15,15,15,15,17,18,18,20,20,20,20,20,20,20,20,20,20,20,20,20,20,22,25,25,25,25,26,26,26
Mercer,0,0,0,0,0,0,0,0,0,0,0,0,0,1,1,2,2,3,4,6,7,7,8,8,9,10,14,18,18,26,27,30,36,38,40,43,44,47,50,56,57,59,59,59,59,60,64,64,65,65,66,65,65,65,66,66,66,67,69,70,70,73,73,75,77,78,81,83,91,91,94,96,96,97,102,103,104,105,105,106,106,107,107,107,107,107,107,110,110,111,111,111,113,114,114,114,114,114,115,117,117,118,118,118,119,119,119,120,126,130,132,135,136,140,140,142,143,150,154,158,159,159,161,162,166,169,175,186,203,208,216,223,231,245,259,276,282,289
Venango,0,0,0,0,0,0,0,0,0,0,0,0,0,0,0,0,0,0,0,0,1,1,3,3,3,3,3,3,5,5,5,5,5,6,6,6,6,6,6,6,6,6,6,6,6,7,7,7,7,7,7,7,7,7,7,7,7,7,7,7,7,7,7,7,7,7,7,7,7,8,8,8,8,8,8,8,8,8,8,8,8,8,9,9,9,9,9,10,15,15,15,15,16,16,16,17,17,17,17,17,17,17,17,17,17,17,17,17,17,17,18,18,18,18,19,23,23,23,27,27,28,34,35,34,35,36,38,46,49,49,52,51,51,51,53,53,53,53
Warren,0,0,0,0,0,0,0,0,0,0,0,0,0,0,0,0,1,1,1,1,1,1,1,1,1,1,1,1,1,1,1,1,1,1,1,1,1,1,1,1,1,1,1,2,2,1,1,1,1,1,1,1,1,1,1,1,1,1,1,1,1,1,1,1,1,2,2,2,2,2,2,2,2,3,3,3,3,3,3,3,3,3,3,3,3,3,4,5,5,5,5,5,5,5,5,5,5,5,5,5,5,5,5,5,5,5,5,5,5,5,5,5,5,6,7,7,7,7,7,7,7,7,7,9,9,10,10,10,11,11,11,12,13,13,14,14,14,14
NW New Cases,,0,0,0,0,0,0,0,0,0,0,1,0,2,1,3,3,2,7,10,3,11,9,3,6,6,12,9,8,27,4,16,21,16,6,8,4,8,10,13,12,3,3,4,4,11,10,7,0,6,7,5,3,0,7,6,0,6,7,10,14,10,6,2,11,6,7,7,13,5,11,5,17,16,18,26,2,10,9,10,7,23,28,6,17,18,12,19,12,36,5,11,28,16,20,19,16,12,11,7,7,26,26,14,10,10,14,18,22,21,18,14,5,23,24,22,30,24,30,25,35,43,20,38,20,20,45,54,58,21,36,31,24,32,54,44,18,44
,,,,,,,,,,,,,,,,,,,,,,,,,,,,,,,,,,,,,,,,,,,,,,,,,,,,,,,,,,,,,,,,,,,,,,,,,,,,,,,,,,,,,,,,,,,,,,,,,,,,,,,,,,,,,,,,,,,,,,,,,,,,,,,,,,,,,,,,,,
SW Avg/100K,,,,,,,,,,,,,,,2.68,3.47,5.39,8.18,9.81,13.80,16.26,18.29,21.08,22.86,25.95,29.57,34.21,37.41,39.68,43.52,44.05,43.79,45.11,44.66,43.75,43.60,41.60,40.73,39.11,36.96,40.05,38.39,36.51,33.23,33.00,33.60,33.30,33.57,33.42,33.11,33.27,34.25,34.09,34.36,27.68,26.66,27.57,27.34,26.48,25.38,23.87,21.69,21.42,20.10,19.88,19.27,18.48,17.91,17.46,17.09,17.73,17.35,17.46,16.82,17.12,16.44,16.63,17.95,17.69,16.86,17.50,16.67,17.39,17.46,15.35,15.16,14.97,14.52,13.35,13.43,13.05,11.73,12.45,12.45,12.14,12.18,11.31,10.86,10.98,11.73,11.01,10.79,12.07,12.37,12.94,15.09,15.16,17.16,18.78,21.16,25.91,31.23,35.34,39.83,45.75,56.95,65.47,72.87,78.90,87.58,98.10,108.28,113.83,122.46,129.59,134.83,134.87,145.51,151.58,148.90,151.96,151.58,152.41,150.67,148.83,143.24,143.13,143.28
NE Avg/100K,,,,,,,,,,,,,,,6.96,9.19,11.74,16.71,23.98,28.32,37.39,53.36,68.70,87.77,109.14,133.92,172.80,190.88,214.23,239.51,269.89,293.62,307.53,318.59,322.87,320.45,323.18,324.24,317.22,309.52,282.68,274.98,257.78,244.24,224.73,207.59,200.20,200.20,196.90,192.43,191.69,180.69,179.76,173.86,174.48,171.87,170.82,165.41,162.62,159.45,153.05,144.67,147.71,142.30,132.55,129.32,124.91,118.33,115.91,113.98,112.24,110.13,106.96,107.77,107.52,106.09,99.14,97.64,92.68,91.56,88.14,88.58,80.00,76.53,72.67,70.00,65.66,60.69,55.90,53.79,50.19,50.25,50.13,48.01,44.04,41.49,40.19,38.57,38.76,37.52,35.53,34.16,35.65,37.89,36.96,35.90,36.03,36.40,38.39,39.07,41.55,41.93,43.60,44.16,45.96,47.21,46.77,43.54,43.79,43.54,44.04,44.10,43.05,43.11,43.23,43.29,42.05,40.56,41.74,41.93,42.49,44.72,45.22,46.52,49.01,48.76,48.57,49.01
SE Avg/100K,,,,,,,,,,,,,,,7.80,10.11,13.28,20.64,26.75,32.58,39.78,45.84,52.70,62.58,75.34,89.90,101.69,118.83,133.94,147.72,163.27,181.60,197.40,214.67,222.58,234.95,241.04,243.74,246.41,253.23,259.50,257.48,253.73,254.57,250.81,243.95,243.85,238.44,238.12,230.71,232.85,234.60,237.28,231.32,230.30,226.60,223.69,217.77,214.29,208.71,206.31,203.31,205.58,201.83,198.22,192.11,185.78,183.91,178.03,172.90,173.84,170.94,168.74,168.17,160.12,154.89,146.63,145.41,139.79,141.95,137.14,132.15,128.94,128.29,121.51,121.14,118.37,112.70,107.25,107.23,104.06,102.55,102.57,96.99,94.98,94.22,90.42,87.63,86.65,82.89,80.86,78.42,77.84,73.49,72.90,72.27,71.71,71.84,72.49,70.58,71.20,71.65,72.09,72.57,73.81,74.60,72.78,72.48,70.03,67.70,71.35,71.33,71.69,73.09,72.61,73.56,70.76,72.27,74.52,75.57,80.77,82.30,87.78,91.53,91.07,90.30,94.01,97.87
NC Avg/100K,,,,,,,,,,,,,,,0.86,1.86,2.29,2.86,3.57,4.86,6.29,8.15,9.43,11.15,12.29,14.15,17.58,21.87,23.01,27.45,29.59,31.88,36.31,40.88,43.46,46.17,48.89,49.60,52.18,54.04,55.89,54.18,55.18,54.89,54.61,53.32,50.75,47.60,46.60,45.03,43.31,42.46,41.17,39.45,36.88,35.74,34.88,31.16,32.02,33.16,33.59,36.45,35.17,33.16,31.59,32.45,32.02,31.16,30.02,29.45,29.45,28.16,27.59,27.16,25.73,22.01,22.16,22.30,23.16,22.30,21.30,20.44,20.58,21.01,20.58,21.87,19.87,19.73,20.16,20.73,20.16,19.44,19.01,18.44,18.73,20.87,22.44,22.16,23.30,23.44,23.01,24.44,23.87,23.01,25.02,27.45,28.30,28.30,28.02,27.30,25.73,26.45,25.73,25.30,28.88,28.30,29.45,31.88,31.02,28.45,28.02,31.88,33.45,34.02,33.59,33.45,33.88,35.45,35.74,34.88,35.59,34.02,33.45,37.45,38.02,35.45,35.74,36.74
SC Avg/100K,,,,,,,,,,,,,,,1.92,2.79,3.37,3.89,5.05,6.62,8.18,9.75,11.95,14.22,17.18,19.85,25.19,29.54,33.19,38.24,42.36,46.14,51.30,53.33,56.52,59.60,63.43,65.63,67.26,73.41,75.73,76.54,76.49,76.66,76.37,77.12,77.53,79.27,80.72,80.72,79.16,80.61,83.33,79.10,76.14,77.01,78.81,78.58,77.01,80.84,80.14,80.49,81.71,81.36,80.32,79.50,77.36,77.12,78.05,76.60,73.59,70.74,71.61,68.19,66.21,64.59,63.26,61.75,61.22,61.34,60.41,58.84,56.64,55.01,55.25,57.97,58.21,54.96,53.39,53.10,53.74,53.45,53.91,51.24,51.47,55.07,56.64,56.93,57.51,55.01,54.38,55.54,58.15,59.02,57.28,62.04,64.94,65.92,66.10,62.79,60.99,60.47,61.69,66.91,67.38,71.09,71.38,69.93,67.90,61.69,61.05,62.91,61.86,66.80,68.36,69.81,67.43,63.49,64.88,63.08,62.62,64.18,64.18,67.38,69.81,69.29,72.48,71.21
NW Avg/100K,,,,,,,,,,,,,,,0.45,0.79,1.12,1.35,2.14,3.26,3.60,4.83,5.85,6.18,6.86,7.42,8.77,9.56,10.34,13.04,13.15,14.73,16.30,16.98,17.31,16.98,16.41,16.98,17.43,18.21,18.21,17.54,16.98,14.39,14.39,13.83,12.59,11.58,10.91,10.68,11.02,10.68,9.89,8.43,7.87,8.21,7.87,8.09,8.43,8.32,8.77,9.11,9.78,9.33,9.78,9.89,10.34,11.13,11.80,11.69,12.93,12.82,13.94,14.62,15.07,16.86,16.41,17.31,17.09,17.54,17.54,19.34,21.02,21.14,21.81,23.27,22.71,23.05,22.37,23.50,23.83,23.95,26.08,26.76,28.22,27.77,26.42,27.09,26.42,25.18,24.62,25.41,26.98,24.51,25.07,24.96,23.38,23.61,23.83,24.06,24.28,24.51,23.83,25.63,27.54,27.09,27.54,28.67,30.92,32.60,34.96,37.78,37.55,39.46,39.69,40.36,44.86,48.34,52.17,52.05,52.73,53.51,52.84,53.63,55.76,55.88,55.65,56.33
50 CASES,50,50,50,50,50,50,50,50,50,50,50,50,50,50,50,50,50,50,50,50,50,50,50,50,50,50,50,50,50,50,50,50,50,50,50,50,50,50,50,50,50,50,50,50,50,50,50,50,50,50,50,50,50,50,50,50,50,50,50,50,50,50,50,50,50,50,50,50,50,50,50,50,50,50,50,50,50,50,50,50,50,50,50,50,50,50,50,50,50,50,50,50,50,50,50,50,50,50,50,50,50,50,50,50,50,50,50,50,50,50,50,50,50,50,50,50,50,50,50,50,50,50,50,50,50,50,50,50,50,50,50,50,50,50,50,50,50,50
,,,,,,,,,,,,,,,,,,,,,,,,,,,,,,,,,,,,,,,,,,,,,,,,,,,,,,,,,,,,,,,,,,,,,,,,,,,,,,,,,,,,,,,,,,,,,,,,,,,,,,,,,,,,,,,,,,,,,,,,,,,,,,,,,,,,,,,,,,
By County:,Population,,,,,,,,,,,,,,,,,,,,,,,,,,,,,,,,,,,,,,,,,,,,,,,,,,,,,,,,,,,,,,,,,,,,,,,,,,,,,,,,,,,,,,,,,,,,,,,,,,,,,,,,,,,,,,,,,,,,,,,,,,,,,,,,,,,,,,,,,
Adams,"102,811",,,,,,,,,,,,,,5.84,5.84,5.84,6.81,7.78,7.78,7.78,7.78,8.75,11.67,16.54,14.59,16.54,16.54,18.48,21.40,26.26,30.15,34.04,35.02,38.91,46.69,52.52,50.58,47.66,49.61,51.55,56.41,58.36,61.28,57.39,55.44,65.17,67.11,67.11,64.20,59.33,64.20,68.09,68.09,65.17,63.22,61.28,55.44,54.47,54.47,42.80,41.82,40.85,43.77,41.82,37.93,35.99,41.82,42.80,42.80,44.74,44.74,47.66,51.55,58.36,64.20,65.17,58.36,64.20,65.17,64.20,56.41,58.36,60.30,54.47,59.33,61.28,57.39,48.63,45.71,45.71,46.69,40.85,40.85,37.93,41.82,42.80,37.93,44.74,41.82,38.91,39.88,43.77,40.85,39.88,40.85,45.71,41.82,42.80,38.91,36.96,36.96,35.02,39.88,39.88,36.96,34.04,36.96,36.96,34.04,35.02,38.91,41.82,51.55,56.41,66.14,64.20,58.36,56.41,65.17,64.20,61.28,59.33,60.30,61.28,61.28,69.06,62.25
Allegheny,"1,218,452",,,,,,,,,,,,,,3.94,4.76,7.22,10.92,12.97,17.81,21.50,23.39,26.10,28.31,33.07,36.77,42.76,46.37,48.75,51.79,51.87,51.38,51.70,50.64,48.59,48.09,46.62,44.98,41.53,38.66,37.51,35.29,32.83,30.37,30.20,32.01,31.93,29.71,29.05,28.56,28.07,30.28,29.87,30.53,26.59,25.44,26.51,25.93,25.11,23.80,22.82,23.64,23.96,23.55,23.88,22.32,21.50,21.58,21.50,21.17,22.65,23.23,24.05,22.90,23.31,21.91,22.49,24.13,23.80,23.23,24.62,23.64,24.79,25.28,22.82,22.16,21.75,20.27,19.20,19.37,18.55,16.66,17.32,16.91,16.74,16.00,14.69,13.79,13.71,15.18,13.21,12.89,13.62,13.95,14.12,17.40,17.40,20.52,21.83,26.02,32.50,40.13,46.37,53.10,62.13,80.51,93.64,104.31,113.42,127.62,142.80,157.99,167.92,177.68,187.94,196.48,195.49,213.71,224.88,217.24,222.41,221.18,222.09,218.31,212.98,201.98,201.07,202.55
Armstrong,"65,263",,,,,,,,,,,,,,0.00,1.53,1.53,1.53,1.53,3.06,4.60,4.60,7.66,7.66,10.73,16.85,18.39,18.39,19.92,26.05,27.58,29.11,32.18,36.77,36.77,38.31,35.24,36.77,38.31,32.18,36.77,39.84,38.31,30.65,30.65,35.24,32.18,30.65,29.11,29.11,33.71,32.18,29.11,30.65,24.52,21.45,21.45,22.98,24.52,18.39,18.39,13.79,13.79,12.26,7.66,9.19,7.66,7.66,9.19,9.19,9.19,7.66,4.60,4.60,4.60,4.60,4.60,4.60,6.13,7.66,9.19,7.66,6.13,6.13,6.13,6.13,9.19,9.19,9.19,10.73,10.73,10.73,9.19,6.13,4.60,6.13,6.13,6.13,6.13,9.19,6.13,6.13,7.66,6.13,6.13,6.13,7.66,7.66,7.66,9.19,10.73,10.73,10.73,9.19,12.26,13.79,13.79,15.32,13.79,13.79,13.79,13.79,15.32,18.39,16.85,19.92,19.92,21.45,27.58,29.11,29.11,27.58,55.16,62.82,65.89,76.61,82.74,82.74
Beaver,"164,742",,,,,,,,,,,,,,1.82,1.82,4.25,7.89,8.50,13.35,17.00,26.71,30.96,31.56,32.17,37.63,40.06,49.17,56.45,68.59,73.45,70.41,75.88,73.45,71.02,66.16,63.13,63.13,68.59,68.59,126.87,123.83,122.62,113.51,114.72,115.33,120.19,131.11,134.15,142.04,140.83,142.04,143.86,150.54,95.30,89.23,97.12,98.94,93.48,92.87,86.20,74.66,75.88,63.13,63.74,71.02,64.95,54.63,50.38,49.77,45.53,41.28,41.28,40.67,43.10,42.49,38.24,46.74,46.74,37.03,40.67,40.06,43.10,44.31,34.60,34.60,33.39,36.42,29.14,27.92,29.74,21.25,23.07,24.28,18.82,17.60,13.35,12.75,13.96,13.35,12.75,10.32,12.75,13.96,12.75,13.35,13.35,14.57,16.39,16.39,18.82,22.46,23.07,33.99,38.24,43.70,52.81,60.09,68.59,71.02,84.98,91.66,96.51,103.80,109.87,114.72,117.76,122.01,125.04,124.44,128.69,139.01,134.15,137.18,146.29,158.43,156.00,166.93
Bedford,"48,176",,,,,,,,,,,,,,0.00,0.00,0.00,0.00,0.00,0.00,0.00,0.00,4.15,6.23,6.23,6.23,8.30,8.30,8.30,8.30,8.30,8.30,6.23,10.38,10.38,10.38,6.23,12.45,16.61,20.76,20.76,22.83,22.83,24.91,24.91,33.21,37.36,33.21,33.21,33.21,35.29,31.14,26.98,22.83,20.76,18.68,18.68,20.76,22.83,14.53,14.53,16.61,16.61,16.61,14.53,10.38,12.45,12.45,16.61,16.61,16.61,12.45,10.38,18.68,16.61,16.61,16.61,16.61,16.61,18.68,16.61,18.68,14.53,14.53,16.61,16.61,18.68,12.45,14.53,12.45,14.53,16.61,16.61,14.53,16.61,14.53,14.53,18.68,24.91,26.98,37.36,39.44,41.51,45.67,45.67,43.59,49.82,53.97,53.97,62.27,64.35,68.50,60.20,60.20,58.12,56.04,53.97,49.82,47.74,47.74,43.59,39.44,39.44,33.21,31.14,22.83,22.83,22.83,14.53,14.53,20.76,22.83,33.21,33.21,33.21,39.44,37.36,41.51
Berks,"420,152",,,,,,,,,,,,,,3.33,3.81,4.76,8.57,15.47,15.47,16.18,19.52,26.18,35.70,39.75,46.65,54.27,62.60,74.26,84.02,94.25,138.05,155.90,205.88,230.15,254.19,270.62,281.80,297.75,317.98,360.11,386.05,385.34,385.34,393.43,379.86,385.34,351.30,346.54,327.50,323.22,309.89,304.41,288.23,252.77,235.15,238.72,241.82,233.01,210.16,202.55,202.55,209.45,212.07,201.83,201.83,198.02,201.12,198.26,188.27,183.51,173.98,170.18,163.99,154.23,139.95,122.34,115.67,110.91,111.15,105.44,94.01,85.45,91.40,84.49,88.54,87.83,87.59,78.30,80.69,75.21,74.97,75.45,71.16,68.78,69.74,71.64,61.41,59.50,55.69,51.89,49.27,49.27,48.55,49.03,47.84,49.51,48.08,47.36,45.94,43.79,42.60,46.89,44.27,49.74,48.55,46.41,43.56,40.70,38.56,38.56,40.46,44.27,44.98,45.94,46.17,42.60,43.56,44.03,47.60,50.46,54.03,57.84,62.83,61.64,63.31,64.74,74.73
Blair,"122,492",,,,,,,,,,,,,,0.00,0.00,0.00,0.82,0.82,1.63,2.45,4.90,3.27,3.27,3.27,3.27,4.08,4.08,4.08,4.90,4.90,4.08,6.53,6.53,5.71,4.08,5.71,6.53,7.35,8.16,6.53,6.53,7.35,6.53,6.53,7.35,8.16,8.98,8.98,8.16,8.16,8.98,8.16,7.35,8.16,8.98,8.98,8.98,8.98,10.61,7.35,5.71,5.71,6.53,7.35,6.53,7.35,7.35,8.98,11.43,10.61,10.61,11.43,13.06,14.69,14.69,14.69,15.51,14.69,13.88,13.88,13.88,13.06,9.80,9.80,10.61,10.61,6.53,5.71,5.71,5.71,4.08,4.08,4.08,3.27,4.08,4.08,4.08,4.08,3.27,2.45,2.45,2.45,4.08,4.08,4.08,6.53,13.06,13.06,12.25,13.06,13.06,13.88,13.06,13.88,15.51,18.78,18.78,21.23,23.68,22.86,17.14,19.59,24.49,25.31,26.94,26.94,29.39,33.47,35.92,38.37,39.19,41.64,44.90,48.98,56.33,52.25,53.88
Bradford,"60,833",,,,,,,,,,,,,,0.00,1.64,1.64,3.29,3.29,4.93,4.93,4.93,11.51,13.15,13.15,14.79,16.44,16.44,16.44,21.37,23.01,21.37,23.01,24.66,24.66,26.30,19.73,18.08,18.08,18.08,23.01,24.66,24.66,27.95,23.01,21.37,19.73,16.44,16.44,14.79,14.79,16.44,19.73,21.37,18.08,16.44,16.44,6.58,11.51,13.15,14.79,16.44,16.44,16.44,14.79,16.44,16.44,13.15,9.86,9.86,9.86,9.86,8.22,11.51,9.86,9.86,9.86,9.86,13.15,11.51,8.22,8.22,8.22,8.22,8.22,11.51,8.22,4.93,4.93,3.29,3.29,3.29,1.64,0.00,0.00,0.00,1.64,1.64,1.64,-1.64,1.64,4.93,4.93,4.93,6.58,6.58,6.58,8.22,8.22,16.44,14.79,14.79,14.79,16.44,18.08,14.79,13.15,13.15,9.86,9.86,14.79,13.15,13.15,4.93,4.93,4.93,4.93,3.29,4.93,4.93,6.58,8.22,13.15,18.08,14.79,16.44,19.73,21.37
Bucks,"628,195",,,,,,,,,,,,,,6.85,10.03,13.37,16.71,19.26,23.72,31.68,38.36,44.25,48.23,56.99,68.45,73.86,83.25,91.69,99.49,106.65,121.62,132.76,143.11,143.90,148.20,149.00,157.28,165.08,171.60,180.04,185.77,189.91,195.32,198.66,200.57,210.92,218.09,222.38,224.13,226.20,228.11,232.89,243.71,248.81,248.97,245.78,243.24,239.42,235.91,233.53,227.80,232.73,229.71,234.48,228.11,219.36,202.17,192.46,183.54,184.66,179.56,183.70,177.17,161.41,157.12,143.43,137.86,127.35,121.62,114.30,109.36,104.90,102.36,92.96,86.44,75.61,68.77,68.93,64.31,62.72,61.13,61.76,65.27,63.52,61.13,58.74,55.08,53.96,53.49,52.37,54.12,49.83,46.48,45.53,46.00,43.94,44.41,45.21,44.57,45.37,46.16,46.16,46.48,49.51,48.23,50.78,49.19,53.49,54.92,58.58,55.40,56.35,56.35,57.31,58.10,59.85,62.56,65.58,67.97,72.43,75.77,74.82,75.61,82.62,86.92,85.80,92.96
Butler,"187,888",,,,,,,,,,,,,,2.66,3.19,6.39,10.11,13.84,21.82,25.01,26.08,31.93,34.06,36.72,39.92,44.18,45.77,45.77,53.76,53.76,50.03,51.63,46.30,45.77,50.03,44.18,45.77,45.24,43.64,40.45,39.39,37.26,29.27,27.14,27.14,23.95,21.29,19.69,14.37,16.50,13.31,12.77,12.24,10.64,10.11,10.11,11.71,11.18,13.84,12.77,13.84,13.31,13.31,12.77,11.71,11.18,11.71,11.71,12.24,12.24,11.71,12.24,10.11,9.05,11.71,12.77,13.31,11.71,13.31,14.37,13.31,14.37,14.37,14.37,13.84,14.37,16.50,15.97,14.90,14.90,14.37,15.43,14.90,15.43,15.43,14.90,14.37,14.37,14.90,14.90,12.24,12.77,10.11,11.18,12.77,12.77,14.37,13.31,14.90,18.10,20.22,23.95,25.01,25.55,29.80,35.66,40.98,41.51,45.24,51.63,60.14,61.74,63.34,63.34,67.06,67.59,72.92,70.79,72.92,71.85,71.32,70.79,66.53,73.45,65.46,65.46,70.25
Cambria,"131,730",,,,,,,,,,,,,,0.76,0.76,0.76,0.76,0.76,0.76,0.76,1.52,1.52,2.28,3.04,3.04,4.55,5.31,4.55,4.55,6.07,6.83,7.59,9.11,9.11,9.11,9.11,8.35,7.59,7.59,8.35,9.11,9.11,9.87,9.11,7.59,6.83,6.07,6.07,5.31,6.07,8.35,10.63,12.91,11.39,10.63,11.39,10.63,10.63,12.91,15.18,15.94,17.46,17.46,16.70,15.18,12.91,13.66,15.94,15.94,15.18,15.18,14.42,13.66,11.39,10.63,9.87,9.87,9.87,9.11,9.11,6.07,3.04,2.28,3.04,3.80,3.80,3.04,3.04,2.28,1.52,1.52,2.28,2.28,3.04,3.80,3.04,3.04,2.28,1.52,1.52,1.52,2.28,1.52,1.52,1.52,1.52,1.52,2.28,3.80,9.11,12.15,12.91,14.42,16.70,18.22,21.26,25.05,26.57,28.09,31.88,36.44,37.20,42.51,44.79,44.79,44.79,43.27,45.55,51.62,55.42,53.14,53.90,56.18,58.45,54.66,59.21,62.25
Cameron,"4,492",,,,,,,,,,,,,,0.00,0.00,0.00,0.00,0.00,22.26,22.26,22.26,22.26,22.26,22.26,22.26,22.26,22.26,22.26,22.26,22.26,22.26,22.26,0.00,0.00,0.00,0.00,0.00,0.00,0.00,0.00,0.00,0.00,0.00,0.00,0.00,0.00,0.00,0.00,0.00,0.00,0.00,0.00,0.00,0.00,0.00,0.00,22.26,22.26,22.26,22.26,22.26,22.26,22.26,22.26,22.26,22.26,22.26,22.26,22.26,22.26,0.00,0.00,0.00,0.00,0.00,0.00,0.00,0.00,0.00,0.00,0.00,0.00,0.00,0.00,0.00,0.00,0.00,0.00,0.00,0.00,0.00,0.00,0.00,0.00,0.00,0.00,0.00,0.00,0.00,0.00,0.00,0.00,0.00,0.00,0.00,0.00,0.00,0.00,0.00,22.26,22.26,22.26,22.26,22.26,22.26,22.26,44.52,44.52,44.52,44.52,44.52,44.52,44.52,22.26,22.26,22.26,22.26,44.52,44.52,44.52,22.26,22.26,22.26,22.26,22.26,22.26,22.26
Carbon,"64,227",,,,,,,,,,,,,,0.00,1.56,1.56,3.11,3.11,4.67,14.01,20.24,26.47,35.81,40.48,52.94,71.62,77.85,91.86,102.76,116.77,126.12,141.68,147.91,144.80,138.57,133.90,138.57,135.46,130.79,140.13,140.13,132.34,129.23,121.44,112.10,104.32,99.65,94.98,96.53,102.76,90.30,96.53,98.09,71.62,66.95,63.84,54.49,49.82,52.94,49.82,51.38,54.49,52.94,45.15,54.49,48.27,38.92,43.60,48.27,45.15,45.15,51.38,49.82,49.82,49.82,48.27,51.38,51.38,42.04,40.48,43.60,38.92,32.70,35.81,42.04,31.14,45.15,32.70,32.70,31.14,28.03,34.25,35.81,35.81,35.81,34.25,37.37,34.25,28.03,35.81,18.68,29.58,29.58,28.03,28.03,23.35,24.91,24.91,23.35,24.91,23.35,29.58,29.58,28.03,32.70,31.14,29.58,31.14,31.14,31.14,31.14,34.25,37.37,37.37,37.37,32.70,35.81,40.48,40.48,48.27,51.38,52.94,57.61,65.39,68.51,66.95,71.62
Centre,"162,805",,,,,,,,,,,,,,1.84,4.30,4.91,5.53,6.76,9.21,13.51,14.74,15.97,16.58,17.20,19.04,23.34,25.80,25.18,29.48,30.10,30.71,30.71,33.17,29.48,28.25,27.03,27.64,27.64,25.18,20.88,18.43,17.81,13.51,11.67,10.44,9.83,7.37,6.76,10.44,14.13,14.13,14.13,14.13,14.13,17.81,19.66,17.81,22.73,24.57,24.57,22.11,23.34,19.66,17.81,19.04,19.66,20.27,20.27,17.81,17.20,15.97,12.28,12.28,12.90,15.97,16.58,17.20,15.97,14.13,13.51,13.51,14.13,13.51,12.90,13.51,12.90,11.06,9.83,7.37,6.14,6.14,5.53,5.53,4.91,8.60,9.21,9.83,10.44,14.13,11.06,11.06,13.51,15.36,14.74,16.58,23.34,23.34,23.96,20.27,20.27,19.66,18.43,14.74,20.27,23.96,25.80,27.03,28.87,27.03,21.50,22.11,23.34,25.18,25.18,25.80,30.71,31.94,35.01,31.33,31.94,32.55,31.94,36.85,39.31,41.15,42.38,41.15
Chester,"522,046",,,,,,,,,,,,,,7.66,7.66,10.34,16.09,20.30,21.84,25.86,27.58,29.69,33.33,38.31,40.03,44.25,47.12,51.14,56.51,61.11,65.32,72.41,79.69,81.41,85.62,88.50,90.99,93.67,98.27,104.59,109.19,110.34,111.87,110.53,108.04,110.91,115.32,117.81,118.96,121.64,123.74,129.49,132.75,128.92,127.00,129.68,130.64,131.41,131.02,127.19,122.59,131.79,128.34,128.92,124.70,121.25,120.30,120.87,118.00,113.59,114.55,111.29,113.78,113.40,113.02,100.57,104.21,100.57,105.16,104.78,104.78,108.99,117.04,120.87,119.53,123.74,121.64,122.40,124.51,127.00,129.11,130.26,125.85,121.45,122.59,114.93,108.42,101.72,99.61,96.54,94.82,91.56,84.86,82.94,78.73,77.20,76.24,74.51,68.96,70.87,69.53,69.34,70.49,69.73,67.81,65.89,65.70,66.09,62.45,62.45,63.79,65.13,66.47,67.62,67.81,64.94,65.51,72.22,72.41,79.49,85.24,88.88,93.29,98.27,99.99,105.55,110.72
Clarion,"38,779",,,,,,,,,,,,,,0.00,0.00,0.00,0.00,0.00,2.58,2.58,2.58,7.74,10.31,10.31,10.31,10.31,12.89,15.47,23.21,20.63,20.63,25.79,36.10,36.10,38.68,33.52,30.94,33.52,36.10,36.10,33.52,30.94,23.21,28.37,30.94,30.94,18.05,18.05,15.47,18.05,18.05,15.47,12.89,12.89,12.89,12.89,12.89,10.31,7.74,2.58,2.58,2.58,2.58,0.00,2.58,2.58,2.58,2.58,2.58,2.58,2.58,5.16,5.16,5.16,12.89,15.47,15.47,15.47,2.58,2.58,5.16,7.74,7.74,7.74,7.74,5.16,5.16,5.16,-2.58,-5.16,-5.16,0.00,12.89,12.89,10.31,10.31,10.31,10.31,10.31,10.31,10.31,10.31,10.31,10.31,10.31,10.31,7.74,7.74,7.74,5.16,10.31,7.74,7.74,10.31,12.89,23.21,28.37,43.84,43.84,38.68,41.26,41.26,69.63,69.63,69.63,74.78,82.52,79.94,79.94,69.63,67.05,49.00,51.57,54.15,54.15,56.73,28.37
Clearfield,"79,388",,,,,,,,,,,,,,0.00,1.26,2.52,2.52,2.52,2.52,2.52,5.04,5.04,5.04,5.04,6.30,8.82,8.82,8.82,7.56,6.30,6.30,7.56,8.82,8.82,6.30,6.30,6.30,6.30,5.04,2.52,5.04,5.04,5.04,5.04,5.04,3.78,2.52,2.52,2.52,2.52,6.30,8.82,8.82,8.82,12.60,12.60,12.60,12.60,13.86,16.38,16.38,17.63,17.63,23.93,21.41,21.41,21.41,21.41,15.12,15.12,15.12,15.12,13.86,11.34,12.60,11.34,11.34,8.82,7.56,5.04,6.30,7.56,7.56,8.82,11.34,11.34,11.34,12.60,12.60,12.60,12.60,13.86,13.86,15.12,15.12,16.38,20.15,18.89,18.89,18.89,23.93,25.19,27.71,27.71,28.97,27.71,27.71,27.71,27.71,25.19,21.41,21.41,18.89,18.89,17.63,13.86,10.08,10.08,10.08,11.34,15.12,13.86,16.38,16.38,22.67,26.45,28.97,30.23,26.45,30.23,31.49,31.49,30.23,31.49,28.97,31.49,31.49
Clinton,"38,684",,,,,,,,,,,,,,0.00,0.00,0.00,0.00,0.00,0.00,0.00,0.00,0.00,0.00,0.00,2.59,2.59,2.59,7.76,7.76,7.76,10.34,15.51,18.10,20.68,20.68,20.68,20.68,20.68,23.27,25.85,25.85,20.68,20.68,25.85,25.85,28.44,28.44,33.61,43.95,54.29,56.87,59.46,56.87,59.46,54.29,56.87,56.87,54.29,54.29,51.70,59.46,51.70,41.36,31.02,28.44,31.02,28.44,23.27,31.02,28.44,31.02,28.44,33.61,28.44,20.68,23.27,25.85,33.61,33.61,31.02,31.02,33.61,31.02,33.61,38.78,38.78,31.02,31.02,28.44,25.85,25.85,18.10,20.68,15.51,15.51,18.10,18.10,18.10,10.34,10.34,12.93,18.10,25.85,25.85,25.85,31.02,28.44,33.61,36.19,31.02,31.02,33.61,36.19,41.36,38.78,33.61,25.85,25.85,25.85,20.68,33.61,43.95,51.70,51.70,56.87,49.12,46.53,51.70,51.70,54.29,59.46,59.46,59.46,59.46,49.12,36.19,31.02
Columbia,"65,456",,,,,,,,,,,,,,1.53,1.53,1.53,4.58,4.58,6.11,9.17,9.17,10.69,12.22,16.81,22.92,30.55,32.08,38.19,62.64,80.97,94.72,119.16,145.14,152.77,163.47,180.27,187.91,206.25,230.69,250.55,274.99,278.05,279.58,282.63,274.99,261.24,241.38,249.02,250.55,235.27,232.22,209.30,187.91,161.94,135.97,134.44,111.53,96.25,93.19,84.03,100.83,84.03,77.91,77.91,71.80,76.39,68.75,70.28,68.75,62.64,59.58,58.05,55.00,53.47,29.03,30.55,22.92,19.86,24.44,19.86,18.33,15.28,18.33,16.81,18.33,13.75,15.28,15.28,29.03,30.55,32.08,36.67,33.61,35.14,38.19,45.83,45.83,48.89,55.00,58.05,56.53,58.05,45.83,42.78,50.42,45.83,45.83,45.83,42.78,35.14,32.08,30.55,22.92,24.44,24.44,25.97,25.97,29.03,21.39,22.92,22.92,25.97,27.50,30.55,30.55,30.55,32.08,32.08,33.61,32.08,30.55,29.03,33.61,36.67,38.19,41.25,42.78
Crawford,"85,063",,,,,,,,,,,,,,0.00,0.00,0.00,1.18,1.18,2.35,3.53,4.70,4.70,5.88,5.88,5.88,5.88,8.23,10.58,9.40,9.40,14.11,14.11,15.28,14.11,14.11,14.11,12.93,12.93,12.93,12.93,10.58,8.23,10.58,10.58,7.05,7.05,4.70,4.70,3.53,3.53,3.53,3.53,3.53,3.53,3.53,3.53,2.35,3.53,1.18,1.18,1.18,1.18,2.35,2.35,2.35,2.35,2.35,2.35,2.35,2.35,2.35,1.18,1.18,1.18,1.18,2.35,1.18,1.18,2.35,2.35,10.58,9.40,9.40,9.40,9.40,9.40,10.58,10.58,10.58,9.40,9.40,10.58,9.40,10.58,5.88,7.05,8.23,8.23,7.05,7.05,5.88,9.40,11.76,11.76,14.11,14.11,19.99,21.16,18.81,21.16,19.99,19.99,21.16,25.86,28.21,28.21,25.86,30.57,32.92,34.09,30.57,30.57,30.57,28.21,28.21,29.39,31.74,51.73,52.90,50.55,52.90,48.20,45.85,47.02,47.02,44.67,47.02
Cumberland,"251,423",,,,,,,,,,,,,,4.77,5.17,5.17,5.97,5.17,7.56,6.76,7.56,10.34,11.14,11.93,13.52,17.10,18.69,22.27,25.46,28.24,29.03,31.82,33.01,35.00,38.98,35.00,36.99,38.18,43.35,48.52,49.32,46.93,46.54,48.92,56.08,57.27,57.67,62.44,63.64,68.41,76.76,81.93,77.56,75.17,75.97,75.17,74.77,71.19,69.21,69.21,69.60,66.42,67.22,65.63,55.29,53.30,56.88,59.66,59.26,59.66,62.84,63.24,64.43,62.84,63.24,62.84,58.47,56.08,58.86,56.08,51.31,44.15,42.56,43.75,41.36,43.35,36.59,34.60,32.22,30.63,29.43,32.22,30.63,29.43,35.00,39.38,39.38,40.97,40.57,38.58,40.17,43.35,43.35,46.54,47.73,46.93,48.13,52.90,48.13,42.96,44.55,43.35,42.16,41.76,42.96,40.97,42.56,41.36,40.57,40.17,40.97,38.58,39.77,40.57,42.56,41.36,43.35,50.11,47.33,49.32,50.51,50.11,51.71,57.27,58.07,57.27,63.64
Dauphin,"277,097",,,,,,,,,,,,,,0.36,1.44,3.61,4.69,6.50,8.30,12.63,12.99,16.24,21.29,24.18,28.51,35.73,42.22,47.28,54.49,57.02,60.27,65.32,68.57,70.01,73.62,73.62,76.51,79.39,83.73,88.06,90.22,91.66,88.42,91.66,95.63,97.08,100.69,104.66,104.30,109.71,103.57,107.18,104.66,98.88,96.00,96.00,106.46,104.30,104.66,106.82,110.07,109.71,108.63,107.54,112.96,112.24,112.24,115.84,118.73,117.65,106.10,108.63,107.90,102.85,95.27,99.60,105.74,103.21,109.35,114.40,115.12,115.48,113.32,117.29,133.53,134.61,133.53,138.94,140.74,137.86,135.69,140.02,132.44,125.95,128.47,125.59,128.84,127.03,113.68,111.15,109.71,105.02,106.10,101.41,112.24,117.65,116.57,119.81,119.09,117.65,111.15,114.04,133.89,132.08,148.68,157.35,154.82,155.90,140.02,133.17,134.25,127.75,126.67,125.23,125.59,117.29,95.27,96.00,80.12,73.98,81.56,75.79,80.12,81.56,83.00,84.09,83.36
Delaware,"564,751",,,,,,,,,,,,,,9.38,14.70,17.71,27.45,31.70,38.96,47.63,52.41,58.26,66.58,80.74,91.90,103.23,117.75,135.99,144.13,165.21,188.76,211.07,227.36,233.38,249.49,259.94,264.19,270.74,298.18,301.19,300.49,294.29,310.93,305.09,297.48,297.12,292.34,298.72,291.99,293.40,307.57,300.49,287.21,297.83,302.43,303.50,285.97,286.14,282.43,287.74,296.59,300.13,298.36,287.03,272.33,275.52,276.40,275.52,266.67,264.01,262.95,260.47,260.65,244.36,226.29,213.01,206.11,205.22,200.44,192.12,171.76,153.16,149.09,140.24,131.39,124.66,109.43,97.03,96.50,90.13,86.41,86.76,82.34,82.87,81.10,79.33,75.61,77.91,77.91,74.19,69.77,69.94,64.45,61.97,62.51,58.79,57.55,51.35,49.58,46.92,47.10,44.09,46.92,46.57,48.16,50.46,49.58,52.41,52.77,56.49,61.62,62.33,66.93,67.29,69.77,70.65,71.71,74.55,78.44,83.93,90.66,93.67,98.10,102.35,101.99,106.60,114.21
Elk,"30,169",,,,,,,,,,,,,,0.00,0.00,0.00,0.00,0.00,0.00,0.00,0.00,0.00,0.00,0.00,0.00,0.00,0.00,0.00,6.63,6.63,6.63,6.63,6.63,6.63,6.63,6.63,6.63,6.63,6.63,6.63,6.63,6.63,0.00,0.00,0.00,0.00,0.00,3.31,3.31,3.31,3.31,3.31,3.31,6.63,6.63,6.63,6.63,6.63,9.94,9.94,9.94,6.63,6.63,6.63,9.94,9.94,9.94,6.63,6.63,6.63,6.63,6.63,3.31,3.31,3.31,3.31,3.31,3.31,0.00,0.00,0.00,0.00,0.00,0.00,0.00,0.00,0.00,0.00,0.00,0.00,0.00,0.00,0.00,0.00,0.00,0.00,0.00,0.00,0.00,0.00,0.00,6.63,6.63,6.63,9.94,9.94,13.26,13.26,19.89,19.89,23.20,23.20,29.83,29.83,29.83,26.52,36.46,39.78,36.46,49.72,59.66,62.98,56.35,56.35,53.03,56.35,53.03,53.03,56.35,56.35,53.03,56.35,56.35,46.41,33.15,29.83,29.83
Erie,"272,061",,,,,,,,,,,,,,1.10,1.47,1.47,1.47,2.57,2.57,2.57,4.78,5.15,5.51,5.88,5.88,6.62,6.25,6.25,8.82,9.19,10.29,10.66,11.76,11.76,9.56,9.92,9.92,11.03,11.39,14.34,14.34,14.70,11.76,12.13,13.23,13.23,14.70,13.97,15.44,16.54,16.54,15.07,14.34,11.76,12.13,11.39,12.13,12.13,12.13,15.07,15.07,17.28,15.44,13.97,13.97,14.70,15.44,16.17,16.91,19.85,19.85,24.99,27.93,28.30,33.08,31.24,34.55,36.39,40.43,42.27,45.58,51.46,52.19,55.13,58.81,55.50,55.13,52.19,56.24,58.08,59.18,63.59,63.59,68.00,68.37,65.06,66.16,63.59,60.65,60.28,62.49,67.26,59.18,60.65,57.71,53.66,52.56,48.52,48.89,48.15,47.78,46.68,49.62,52.19,47.42,46.68,44.84,43.37,46.31,50.36,51.46,51.46,48.52,45.95,45.21,45.21,48.89,46.68,47.78,44.48,45.21,48.15,46.31,46.31,44.84,43.74,49.25
Fayette,"130,441",,,,,,,,,,,,,,0.77,1.53,3.07,6.13,6.90,7.67,7.67,8.43,10.73,10.73,11.50,15.33,17.63,19.93,21.47,23.00,23.77,28.37,30.67,30.67,33.73,35.26,33.73,33.73,34.50,35.26,32.97,29.90,29.13,28.37,26.83,19.93,19.93,22.23,19.17,16.87,16.10,16.87,15.33,11.50,12.27,13.03,12.27,11.50,10.73,9.97,6.90,4.60,4.60,4.60,4.60,3.83,5.37,4.60,4.60,4.60,6.13,6.13,6.90,6.90,6.90,6.90,6.90,6.90,7.67,7.67,6.13,6.13,5.37,4.60,3.07,2.30,1.53,1.53,1.53,0.77,0.77,0.77,0.00,0.00,0.77,0.00,0.00,0.00,0.00,0.00,2.30,3.83,6.13,6.13,6.90,6.90,6.90,6.90,6.13,8.43,11.50,12.27,13.03,16.10,14.57,20.70,22.23,24.53,27.60,32.97,34.50,42.93,45.23,55.20,64.40,65.16,69.00,74.36,78.96,73.60,78.96,92.00,93.53,95.83,99.66,98.13,100.43,94.30
Forest,"7,279",,,,,,,,,,,,,,0.00,0.00,0.00,0.00,0.00,0.00,0.00,0.00,0.00,0.00,13.74,13.74,27.48,41.21,54.95,68.69,68.69,68.69,68.69,68.69,68.69,68.69,68.69,68.69,82.43,82.43,68.69,54.95,41.21,27.48,27.48,27.48,27.48,27.48,27.48,27.48,27.48,27.48,0.00,0.00,0.00,0.00,0.00,0.00,0.00,0.00,0.00,0.00,0.00,0.00,0.00,0.00,0.00,0.00,0.00,0.00,0.00,0.00,0.00,0.00,0.00,0.00,0.00,0.00,0.00,0.00,0.00,0.00,0.00,0.00,0.00,0.00,0.00,0.00,0.00,0.00,0.00,0.00,0.00,0.00,0.00,0.00,0.00,0.00,0.00,0.00,0.00,0.00,0.00,0.00,0.00,0.00,0.00,0.00,0.00,0.00,0.00,0.00,0.00,0.00,0.00,0.00,0.00,0.00,0.00,0.00,0.00,0.00,0.00,0.00,0.00,0.00,0.00,0.00,0.00,0.00,0.00,0.00,0.00,0.00,0.00,0.00,0.00,0.00
Franklin,"154,835",,,,,,,,,,,,,,0.65,1.94,3.23,3.23,3.23,4.52,7.10,7.75,12.27,13.56,14.85,16.15,16.79,18.73,20.02,23.25,24.54,30.35,33.58,33.58,34.23,34.88,32.29,36.81,36.81,40.69,51.02,52.31,53.61,67.17,70.40,63.94,69.11,78.79,91.06,103.98,108.50,120.13,131.75,144.67,141.44,155.00,169.21,163.40,164.05,176.96,186.00,191.82,186.00,184.71,184.07,181.48,180.19,172.44,178.25,174.38,164.05,160.17,165.34,162.75,158.23,150.48,155.65,146.61,144.67,136.27,126.59,117.54,107.21,98.81,94.29,88.48,77.50,69.75,58.77,52.31,39.40,37.46,34.88,32.94,43.92,48.44,49.08,43.92,42.63,43.92,45.21,45.21,54.25,54.25,54.25,54.25,58.77,57.48,47.15,41.98,44.56,45.86,46.50,49.08,56.83,61.36,52.96,51.02,49.73,49.08,51.02,56.83,57.48,58.77,54.90,58.13,58.77,58.77,51.02,53.61,57.48,62.65,67.81,74.92,81.38,80.73,101.40,118.19
Fulton,"14,523",,,,,,,,,,,,,,0.00,0.00,0.00,0.00,0.00,0.00,0.00,0.00,0.00,0.00,0.00,0.00,0.00,6.89,6.89,6.89,6.89,6.89,6.89,6.89,6.89,6.89,13.77,13.77,13.77,13.77,13.77,6.89,6.89,6.89,6.89,6.89,6.89,13.77,13.77,13.77,6.89,20.66,20.66,20.66,27.54,27.54,27.54,34.43,34.43,34.43,34.43,34.43,34.43,34.43,34.43,20.66,41.31,41.31,34.43,34.43,34.43,34.43,41.31,48.20,48.20,41.31,41.31,41.31,48.20,48.20,27.54,27.54,27.54,27.54,27.54,20.66,13.77,13.77,13.77,13.77,13.77,13.77,6.89,6.89,6.89,6.89,6.89,6.89,6.89,13.77,13.77,6.89,6.89,13.77,13.77,13.77,13.77,13.77,13.77,13.77,13.77,13.77,13.77,6.89,6.89,6.89,6.89,0.00,0.00,0.00,0.00,0.00,6.89,6.89,6.89,6.89,6.89,6.89,6.89,6.89,6.89,6.89,6.89,6.89,6.89,6.89,6.89,6.89
Greene,"36,506",,,,,,,,,,,,,,0.00,0.00,5.48,8.22,10.96,16.44,16.44,19.17,24.65,24.65,30.13,30.13,32.87,32.87,32.87,41.09,41.09,49.31,46.57,46.57,46.57,43.83,38.35,38.35,35.61,35.61,32.87,32.87,35.61,27.39,21.91,10.96,10.96,5.48,5.48,5.48,8.22,8.22,5.48,5.48,8.22,8.22,5.48,5.48,5.48,5.48,5.48,5.48,5.48,5.48,2.74,2.74,2.74,2.74,0.00,0.00,0.00,0.00,0.00,0.00,0.00,0.00,0.00,0.00,0.00,0.00,0.00,0.00,0.00,0.00,0.00,0.00,0.00,0.00,0.00,0.00,0.00,0.00,2.74,2.74,8.22,8.22,8.22,8.22,8.22,8.22,8.22,8.22,8.22,16.44,21.91,21.91,19.17,19.17,13.70,13.70,13.70,24.65,24.65,30.13,30.13,30.13,30.13,24.65,24.65,32.87,41.09,46.57,57.52,71.22,87.66,84.92,84.92,84.92,93.14,98.61,104.09,104.09,109.57,109.57,112.31,106.83,101.35,90.40
Huntingdon,"45,168",,,,,,,,,,,,,,0.00,0.00,0.00,0.00,0.00,2.21,2.21,2.21,2.21,2.21,4.43,6.64,8.86,8.86,8.86,11.07,13.28,17.71,17.71,19.93,19.93,22.14,22.14,24.35,22.14,19.93,17.71,19.93,19.93,17.71,19.93,26.57,26.57,26.57,26.57,28.78,33.21,37.64,57.56,61.99,79.70,95.20,97.41,101.84,99.63,197.04,214.75,214.75,352.02,360.87,363.09,371.94,358.66,363.09,354.23,349.81,347.59,343.16,343.16,247.96,234.68,239.11,104.06,90.77,84.13,68.63,61.99,53.13,48.71,35.42,37.64,37.64,37.64,28.78,24.35,19.93,17.71,17.71,17.71,19.93,19.93,19.93,19.93,19.93,17.71,17.71,15.50,11.07,13.28,8.86,8.86,8.86,8.86,11.07,11.07,17.71,13.28,13.28,26.57,28.78,28.78,28.78,31.00,31.00,31.00,31.00,31.00,26.57,26.57,24.35,26.57,28.78,19.93,17.71,24.35,24.35,26.57,28.78,28.78,33.21,37.64,39.85,42.07,44.28
Indiana,"84,501",,,,,,,,,,,,,,0.00,0.00,0.00,1.18,2.37,2.37,2.37,2.37,7.10,7.10,7.10,8.28,10.65,15.38,20.12,24.85,24.85,23.67,28.40,44.97,44.97,48.52,43.79,43.79,44.97,44.97,44.97,44.97,42.60,40.24,41.42,44.97,40.24,27.22,27.22,23.67,22.48,23.67,22.48,21.30,18.93,21.30,20.12,22.48,22.48,18.93,17.75,15.38,15.38,15.38,16.57,17.75,22.48,24.85,24.85,17.75,16.57,14.20,13.02,15.38,16.57,15.38,15.38,15.38,15.38,14.20,9.47,7.10,8.28,8.28,8.28,5.92,5.92,3.55,2.37,2.37,3.55,3.55,3.55,2.37,2.37,3.55,2.37,2.37,2.37,4.73,4.73,7.10,8.28,8.28,7.10,7.10,7.10,7.10,10.65,9.47,9.47,10.65,13.02,15.38,18.93,17.75,18.93,18.93,18.93,18.93,21.30,24.85,23.67,23.67,47.34,56.80,61.54,72.19,67.45,73.37,73.37,75.74,76.92,78.11,76.92,78.11,76.92,85.21
Jefferson,"43,641",,,,,,,,,,,,,,0.00,0.00,0.00,0.00,0.00,0.00,0.00,0.00,0.00,0.00,0.00,0.00,0.00,0.00,0.00,2.29,2.29,2.29,2.29,2.29,4.58,4.58,4.58,4.58,4.58,4.58,4.58,4.58,6.87,4.58,4.58,6.87,6.87,6.87,4.58,4.58,4.58,4.58,4.58,4.58,9.17,9.17,6.87,6.87,9.17,6.87,6.87,6.87,6.87,6.87,6.87,6.87,6.87,6.87,2.29,2.29,2.29,2.29,0.00,0.00,0.00,0.00,0.00,0.00,0.00,0.00,0.00,0.00,4.58,4.58,4.58,11.46,16.04,16.04,18.33,20.62,20.62,20.62,20.62,20.62,20.62,25.21,20.62,20.62,22.91,16.04,11.46,13.75,11.46,9.17,9.17,9.17,11.46,11.46,11.46,6.87,6.87,6.87,4.58,6.87,11.46,9.17,11.46,18.33,22.91,22.91,20.62,27.50,29.79,36.66,36.66,36.66,41.25,43.54,38.95,38.95,36.66,41.25,38.95,38.95,41.25,34.37,32.08,25.21
Juniata,"24,704",,,,,,,,,,,,,,0.00,4.05,4.05,4.05,4.05,4.05,4.05,12.14,12.14,8.10,8.10,20.24,28.34,28.34,44.53,52.62,68.81,89.05,117.39,149.77,149.77,145.73,161.92,182.16,218.59,234.78,238.83,255.02,246.92,234.78,222.64,218.59,190.25,157.87,161.92,161.92,153.82,141.68,109.29,85.01,72.86,64.77,56.67,56.67,52.62,60.72,64.77,64.77,60.72,56.67,52.62,48.58,44.53,40.48,40.48,32.38,32.38,32.38,32.38,8.10,4.05,4.05,8.10,8.10,4.05,4.05,4.05,4.05,4.05,4.05,4.05,4.05,4.05,4.05,4.05,8.10,8.10,16.19,24.29,28.34,40.48,40.48,48.58,52.62,52.62,52.62,52.62,56.67,56.67,52.62,44.53,36.43,28.34,28.34,16.19,20.24,16.19,12.14,12.14,12.14,12.14,16.19,16.19,16.19,20.24,20.24,24.29,20.24,20.24,16.19,20.24,20.24,20.24,20.24,20.24,12.14,16.19,16.19,20.24,28.34,24.29,24.29,28.34,32.38
Lackawanna,"210,793",,,,,,,,,,,,,,3.32,7.12,8.54,13.28,16.60,24.19,26.57,29.41,37.00,39.85,50.29,54.56,66.89,78.75,86.82,104.37,117.65,134.73,147.54,161.77,176.00,188.34,200.67,209.68,213.95,224.39,224.87,220.12,216.33,204.47,197.35,187.39,184.54,180.27,173.63,177.43,167.46,164.14,167.94,162.24,165.09,172.21,176.00,176.48,186.91,183.12,179.80,171.73,179.80,167.94,169.36,170.31,162.72,160.82,170.31,163.67,164.14,159.40,153.71,160.82,159.87,162.24,151.33,145.64,138.52,132.36,123.34,120.97,102.47,96.30,89.19,85.87,74.01,64.99,58.83,48.86,43.64,42.70,39.85,37.95,37.48,33.21,27.04,25.62,24.19,25.14,26.09,19.92,19.92,20.40,18.50,20.40,20.40,22.30,25.14,30.36,37.95,39.38,43.64,45.07,45.54,48.86,48.39,48.86,52.66,50.76,52.18,49.81,47.91,43.17,36.05,36.53,33.21,31.78,30.36,29.89,32.73,33.68,34.16,35.11,36.53,37.95,39.85,43.64
Lancaster,"543,557",,,,,,,,,,,,,,0.92,1.84,2.21,3.86,6.07,8.28,12.33,17.85,22.63,28.88,36.98,42.31,52.80,67.15,74.14,88.31,101.00,105.78,113.14,120.13,129.70,134.48,136.51,139.27,141.11,146.81,151.23,150.31,152.33,148.10,140.74,140.37,147.73,147.73,148.10,148.10,149.57,145.15,146.26,145.34,145.52,137.61,138.90,133.01,131.54,130.81,123.45,125.84,118.85,114.62,113.51,114.43,110.20,111.86,104.13,105.23,103.21,105.78,102.66,114.06,112.96,111.30,116.09,117.74,126.94,129.89,127.31,124.55,121.61,120.13,117.19,114.98,122.89,112.41,110.57,112.96,111.67,111.67,104.68,104.68,105.97,106.15,108.18,108.73,108.18,107.44,103.58,104.13,105.60,100.27,98.98,96.77,101.55,101.55,106.70,110.02,111.67,117.01,117.19,117.74,116.64,117.19,113.88,114.62,108.54,105.42,95.11,95.85,91.80,92.54,90.15,83.89,80.40,79.84,81.32,82.24,84.26,82.24,85.18,88.68,91.80,89.23,88.12,81.87
Lawrence,"86,184",,,,,,,,,,,,,,0.00,0.00,1.16,1.16,4.64,9.28,9.28,11.60,15.08,15.08,18.56,22.05,25.53,26.69,27.85,33.65,35.97,41.77,47.57,44.09,47.57,47.57,44.09,48.73,45.25,46.41,44.09,41.77,40.61,35.97,33.65,27.85,18.56,17.40,13.92,13.92,13.92,10.44,11.60,6.96,5.80,6.96,6.96,8.12,8.12,9.28,9.28,9.28,10.44,8.12,9.28,8.12,6.96,8.12,8.12,8.12,8.12,6.96,5.80,4.64,4.64,5.80,4.64,4.64,3.48,3.48,3.48,4.64,8.12,9.28,9.28,9.28,11.60,10.44,10.44,11.60,12.76,12.76,12.76,15.08,13.92,11.60,9.28,8.12,8.12,6.96,5.80,8.12,9.28,6.96,5.80,8.12,8.12,8.12,15.08,15.08,16.24,17.40,16.24,17.40,17.40,20.89,23.21,27.85,33.65,37.13,42.93,54.53,54.53,69.62,81.22,83.54,111.39,113.71,120.67,118.35,128.79,128.79,124.15,128.79,132.28,134.60,133.44,131.11
Lebanon,"141,314",,,,,,,,,,,,,,2.12,2.12,2.12,2.83,8.49,10.61,13.45,19.11,19.81,25.48,31.14,37.51,60.15,72.89,85.62,100.49,117.47,129.50,145.77,153.56,177.62,181.86,212.29,221.49,237.06,261.83,262.54,267.49,267.49,268.90,259.00,252.63,252.63,254.75,242.01,238.48,217.25,211.59,209.46,191.06,178.33,177.62,179.74,170.54,169.13,170.54,157.10,150.73,140.82,137.28,134.45,142.24,127.38,119.59,115.35,98.36,85.62,80.67,78.55,72.18,67.23,67.23,69.35,68.64,68.64,61.57,62.27,61.57,60.15,67.23,67.23,70.76,77.13,77.84,76.43,85.62,108.27,113.22,116.05,109.68,114.64,134.45,144.36,150.73,154.27,150.73,145.77,150.73,159.93,154.97,133.74,133.74,131.62,132.33,130.91,113.22,104.02,100.49,99.78,105.44,106.15,106.85,105.44,99.07,93.41,86.33,82.79,85.62,79.96,84.21,84.92,82.79,82.79,93.41,89.16,84.92,77.13,77.13,81.38,82.79,84.92,84.21,88.46,80.67
Lehigh,"368,100",,,,,,,,,,,,,,6.79,7.33,10.32,17.11,25.26,29.61,40.75,62.48,73.62,101.33,129.86,158.11,214.89,233.09,266.50,303.99,348.00,381.15,399.08,410.49,416.46,411.84,415.92,420.54,412.93,409.67,363.22,360.23,336.59,312.14,286.61,258.63,248.85,252.92,249.12,241.51,239.61,216.52,216.52,205.92,205.11,195.87,195.06,191.25,187.18,185.82,179.84,167.89,173.87,169.25,163.27,162.73,158.11,148.33,147.79,148.33,143.44,139.64,132.30,131.49,128.50,124.69,111.38,110.84,105.95,103.50,92.64,92.91,83.40,80.14,75.79,72.53,68.46,62.75,58.68,59.22,56.23,55.42,58.14,53.25,51.07,51.07,52.16,51.07,50.80,52.43,47.81,48.90,52.97,61.40,61.67,59.77,59.49,63.84,69.82,70.90,72.26,70.90,71.45,71.18,76.07,76.88,72.81,62.75,61.40,61.40,61.12,60.85,55.96,55.42,59.49,58.68,59.49,58.41,56.23,58.41,61.67,64.66,63.84,67.10,68.19,66.83,64.93,63.30
Luzerne,"317,646",,,,,,,,,,,,,,3.15,6.61,8.50,11.33,17.31,20.46,29.59,46.91,66.43,88.46,120.57,151.74,202.11,231.07,264.13,302.54,348.50,379.35,399.82,411.46,414.61,408.00,412.72,404.54,386.28,372.74,334.96,314.82,289.00,257.52,224.78,201.17,187.63,185.74,187.95,185.43,174.72,171.26,167.48,158.98,157.09,157.09,153.63,151.11,144.19,142.30,134.11,124.04,128.44,123.09,116.80,112.07,105.15,100.11,95.07,90.04,87.20,86.26,83.74,82.48,85.94,86.57,72.09,70.83,67.06,66.11,66.74,69.26,65.80,66.11,65.17,61.70,61.07,56.35,51.00,50.37,46.59,44.70,42.81,41.87,39.04,35.26,32.11,29.59,30.22,28.33,23.61,22.67,21.41,22.04,22.35,24.24,23.61,20.15,22.04,21.41,23.30,22.98,22.35,22.04,23.30,25.81,28.02,28.02,28.96,27.70,28.65,29.28,30.22,31.80,32.74,35.89,37.15,36.20,38.09,36.20,34.00,35.26,35.26,35.57,37.46,37.15,35.26,36.20
Lycoming,"113,664",,,,,,,,,,,,,,0.00,0.00,0.88,0.88,1.76,1.76,2.64,3.52,5.28,6.16,6.16,7.04,8.80,7.92,8.80,10.56,12.32,14.08,14.08,15.84,17.60,21.11,20.24,20.24,20.24,21.11,22.87,24.63,26.39,26.39,24.63,23.75,26.39,29.03,28.15,25.51,25.51,27.27,33.43,34.31,39.59,42.23,40.47,38.71,41.35,48.39,53.67,65.10,66.86,65.98,65.10,68.62,62.46,61.59,57.19,54.55,55.43,55.43,54.55,46.63,40.47,27.27,23.75,24.63,25.51,19.36,20.24,18.48,15.84,14.96,13.20,13.20,12.32,12.32,9.68,7.04,7.92,7.04,6.16,6.16,5.28,5.28,6.16,6.16,6.16,7.04,5.28,5.28,5.28,5.28,5.28,4.40,4.40,6.16,7.04,7.04,4.40,5.28,7.04,8.80,13.20,18.48,21.11,31.67,36.07,36.07,38.71,50.15,51.03,55.43,56.31,57.19,59.83,58.95,57.19,58.07,58.95,49.27,47.51,52.79,51.91,41.35,42.23,44.87
McKean,"40,968",,,,,,,,,,,,,,0.00,0.00,0.00,0.00,0.00,2.44,2.44,2.44,2.44,2.44,2.44,2.44,2.44,2.44,2.44,2.44,2.44,2.44,2.44,2.44,2.44,4.88,7.32,7.32,7.32,7.32,7.32,7.32,7.32,9.76,9.76,9.76,9.76,7.32,7.32,4.88,2.44,4.88,4.88,4.88,4.88,4.88,4.88,2.44,2.44,2.44,2.44,2.44,2.44,2.44,7.32,4.88,4.88,9.76,9.76,12.20,12.20,12.20,12.20,12.20,12.20,12.20,12.20,14.65,9.76,9.76,9.76,4.88,4.88,2.44,2.44,2.44,2.44,4.88,4.88,4.88,4.88,2.44,2.44,2.44,2.44,2.44,2.44,2.44,2.44,2.44,2.44,0.00,0.00,0.00,2.44,4.88,4.88,4.88,4.88,4.88,4.88,4.88,4.88,9.76,12.20,12.20,17.09,17.09,14.65,12.20,12.20,12.20,12.20,12.20,12.20,12.20,12.20,7.32,4.88,4.88,4.88,12.20,12.20,12.20,12.20,14.65,14.65,14.65
Mercer,"110,683",,,,,,,,,,,,,,0.90,1.81,1.81,2.71,3.61,5.42,6.32,6.32,7.23,7.23,8.13,9.03,12.65,15.36,15.36,21.68,22.59,24.39,28.91,28.91,29.81,32.53,32.53,35.24,37.04,41.56,38.85,37.04,37.04,29.81,28.91,27.10,25.30,23.49,22.59,19.88,19.88,16.26,13.55,8.13,8.13,6.32,6.32,7.23,9.03,9.03,5.42,8.13,7.23,9.03,9.94,11.75,14.46,16.26,22.59,22.59,25.30,26.20,24.39,24.39,28.91,27.10,28.01,27.10,25.30,25.30,22.59,21.68,14.46,14.46,11.75,9.94,9.94,11.75,7.23,7.23,6.32,5.42,7.23,7.23,7.23,6.32,6.32,6.32,7.23,9.03,9.03,7.23,7.23,6.32,7.23,7.23,5.42,5.42,10.84,14.46,16.26,18.97,18.97,20.78,20.78,21.68,22.59,28.91,31.62,35.24,36.14,35.24,31.62,28.91,30.72,30.72,35.24,41.56,56.92,59.63,65.95,65.95,69.57,78.60,90.35,105.71,109.32,114.74
Mifflin,"46,222",,,,,,,,,,,,,,0.00,0.00,0.00,0.00,0.00,0.00,4.33,2.16,4.33,2.16,2.16,4.33,8.65,19.47,10.82,12.98,21.63,21.63,23.80,21.63,21.63,34.62,30.29,30.29,30.29,32.45,32.45,23.80,32.45,32.45,25.96,30.29,32.45,34.62,32.45,28.13,38.94,45.43,49.76,43.27,41.11,41.11,41.11,45.43,49.76,51.92,51.92,51.92,54.09,47.60,38.94,36.78,34.62,43.27,41.11,38.94,38.94,32.45,25.96,19.47,15.14,15.14,12.98,12.98,12.98,10.82,8.65,2.16,4.33,4.33,4.33,4.33,4.33,4.33,4.33,4.33,2.16,2.16,2.16,2.16,2.16,2.16,0.00,0.00,0.00,2.16,2.16,4.33,4.33,4.33,4.33,4.33,4.33,4.33,4.33,6.49,6.49,6.49,8.65,6.49,6.49,4.33,4.33,6.49,6.49,8.65,10.82,15.14,19.47,17.31,21.63,21.63,23.80,23.80,23.80,28.13,34.62,36.78,36.78,36.78,36.78,30.29,30.29,36.78
Monroe,"169,507",,,,,,,,,,,,,,24.78,25.96,28.91,38.35,56.04,60.76,76.10,102.65,134.51,159.88,180.52,223.00,270.79,293.20,312.08,333.32,365.77,382.88,385.82,394.08,389.36,374.03,360.46,350.43,340.40,313.85,270.79,256.63,234.80,227.13,202.94,181.70,168.13,165.18,159.29,157.52,147.49,141.00,135.10,128.61,130.97,123.30,119.76,112.68,103.24,100.29,94.98,89.67,90.26,83.18,77.87,69.02,66.66,56.04,48.97,48.38,50.74,47.79,51.92,57.22,57.22,56.63,50.74,47.79,44.84,48.38,41.89,43.07,41.30,38.35,35.99,34.22,28.32,24.78,23.60,21.24,20.06,21.24,21.83,20.06,20.65,18.88,17.11,16.52,17.70,18.29,18.29,17.70,18.29,18.88,22.42,21.83,21.83,23.60,24.78,25.96,31.86,34.22,34.81,38.35,38.94,38.35,37.76,37.76,35.40,35.99,38.35,39.53,40.12,41.89,40.71,38.94,37.76,31.27,34.81,34.81,34.22,35.40,37.17,37.76,50.74,48.97,47.20,45.43
Montgomery,"828,604",,,,,,,,,,,,,,14.72,16.41,19.67,32.46,42.96,47.19,56.00,61.55,64.93,73.26,83.03,98.48,109.94,123.58,132.87,146.63,162.80,170.29,182.84,198.16,202.27,210.60,215.30,220.37,218.32,218.32,217.11,217.47,218.44,216.63,213.97,205.41,197.44,189.96,189.35,184.89,203.84,205.41,212.77,207.82,205.89,197.80,193.70,185.01,185.01,183.44,182.48,179.70,184.29,178.01,168.84,161.24,153.99,155.80,158.10,159.30,164.98,166.06,160.15,163.29,160.39,162.68,152.67,154.96,139.51,147.84,148.20,145.91,145.91,143.49,130.46,133.84,131.31,130.70,126.72,130.10,127.56,124.79,129.62,117.19,113.81,112.00,103.67,101.01,101.01,93.89,90.27,80.01,76.03,64.45,62.88,61.91,58.77,57.81,59.14,56.36,58.65,57.81,58.29,60.10,59.50,60.34,62.27,61.91,61.19,61.67,63.12,63.96,60.95,59.01,57.57,57.81,55.88,55.39,59.01,58.53,60.10,60.58,64.93,66.14,65.17,68.07,67.82,71.81
Montour,"18,240",,,,,,,,,,,,,,5.48,16.45,21.93,21.93,21.93,27.41,21.93,54.82,49.34,71.27,82.24,87.72,98.68,197.37,175.44,131.58,120.61,115.13,137.06,131.58,137.06,158.99,191.89,169.96,180.92,175.44,164.47,60.31,82.24,109.65,115.13,120.61,98.68,98.68,98.68,49.34,16.45,16.45,-5.48,0.00,0.00,10.96,10.96,16.45,16.45,16.45,16.45,10.96,10.96,5.48,10.96,16.45,16.45,10.96,5.48,0.00,0.00,0.00,0.00,5.48,0.00,5.48,5.48,5.48,5.48,0.00,0.00,0.00,0.00,10.96,16.45,16.45,16.45,10.96,16.45,16.45,16.45,16.45,16.45,16.45,27.41,32.89,76.75,65.79,65.79,65.79,76.75,82.24,82.24,82.24,82.24,82.24,82.24,82.24,71.27,71.27,32.89,49.34,43.86,43.86,38.38,38.38,38.38,38.38,43.86,43.86,43.86,43.86,43.86,43.86,38.38,32.89,32.89,38.38,38.38,38.38,49.34,49.34,43.86,54.82,60.31,54.82,54.82,54.82
Northampton,"304,807",,,,,,,,,,,,,,7.55,10.83,14.44,18.04,25.59,30.51,41.01,60.04,80.05,102.03,122.37,149.60,187.33,201.77,227.36,243.10,266.73,292.97,300.19,310.03,313.64,310.36,305.44,308.06,301.17,285.10,265.09,264.10,247.04,252.62,240.81,231.95,236.87,243.10,239.82,230.97,260.49,248.35,247.37,251.96,257.87,253.60,252.95,241.14,236.87,229.33,221.12,212.92,209.97,207.02,173.55,167.32,169.29,163.05,156.49,160.43,159.77,157.15,152.88,150.59,148.29,143.37,150.26,149.27,142.39,144.35,149.60,145.99,132.21,124.67,116.47,114.83,111.87,101.70,96.45,91.21,78.74,81.36,79.39,77.10,59.05,56.43,55.77,51.51,53.80,46.59,44.29,47.90,48.56,52.49,51.84,47.24,49.87,47.90,49.21,46.91,47.57,48.88,52.82,53.48,55.77,56.10,57.09,52.16,53.15,53.48,51.84,52.82,52.82,54.79,55.44,54.13,48.56,47.57,51.51,52.49,51.18,55.12,56.43,57.09,56.43,55.44,56.76,57.74
Northumberland,"91,083",,,,,,,,,,,,,,0.00,0.00,0.00,0.00,1.10,1.10,1.10,1.10,1.10,6.59,8.78,8.78,9.88,15.37,16.47,24.15,24.15,26.35,30.74,32.94,39.52,42.82,51.60,54.89,57.09,57.09,63.68,58.19,63.68,60.38,60.38,63.68,60.38,61.48,58.19,54.89,48.31,39.52,36.23,38.43,34.03,35.13,29.64,32.94,37.33,32.94,37.33,35.13,37.33,38.43,37.33,39.52,42.82,45.01,45.01,46.11,47.21,41.72,42.82,41.72,40.62,49.41,50.50,53.80,55.99,59.29,59.29,54.89,55.99,55.99,55.99,58.19,53.80,55.99,55.99,48.31,42.82,38.43,37.33,31.84,29.64,36.23,35.13,35.13,37.33,36.23,38.43,55.99,52.70,52.70,68.07,76.85,75.76,76.85,77.95,75.76,79.05,82.34,81.24,80.15,87.83,70.27,72.46,73.56,61.48,52.70,52.70,58.19,60.38,59.29,53.80,51.60,48.31,51.60,41.72,42.82,43.92,41.72,39.52,40.62,40.62,35.13,32.94,36.23
Perry,"46,139",,,,,,,,,,,,,,0.00,0.00,0.00,0.00,0.00,2.17,2.17,2.17,2.17,2.17,6.50,8.67,10.84,10.84,10.84,19.51,28.18,32.51,34.68,32.51,32.51,34.68,34.68,34.68,30.34,30.34,32.51,32.51,32.51,23.84,21.67,17.34,19.51,21.67,21.67,19.51,21.67,28.18,28.18,30.34,28.18,30.34,30.34,30.34,23.84,23.84,19.51,17.34,19.51,19.51,17.34,10.84,13.00,8.67,15.17,13.00,15.17,15.17,17.34,19.51,19.51,23.84,26.01,26.01,28.18,39.01,39.01,43.35,36.85,41.18,43.35,45.51,43.35,45.51,52.02,47.68,45.51,45.51,43.35,32.51,32.51,30.34,30.34,28.18,23.84,23.84,30.34,28.18,26.01,32.51,32.51,32.51,36.85,36.85,34.68,34.68,32.51,30.34,30.34,28.18,21.67,19.51,15.17,8.67,6.50,6.50,6.50,8.67,8.67,8.67,10.84,13.00,17.34,19.51,21.67,21.67,21.67,21.67,21.67,21.67,19.51,19.51,26.01,32.51
Philadelphia,"1,584,138",,,,,,,,,,,,,,8.08,11.11,16.16,25.31,33.27,44.50,54.23,63.06,74.93,92.23,114.83,141.53,160.40,192.15,219.87,242.09,265.07,292.08,315.06,335.39,346.37,366.32,373.96,370.49,368.15,369.54,371.94,355.34,342.58,339.55,330.78,319.48,314.75,307.49,303.00,287.29,282.99,286.46,291.20,278.13,280.66,278.70,270.05,263.36,255.41,247.20,244.74,236.34,235.52,230.22,228.14,220.37,210.02,207.75,194.68,186.92,190.89,184.58,183.25,178.90,168.74,162.30,157.88,156.99,150.18,155.48,148.22,146.52,146.14,144.31,137.42,139.89,135.09,129.28,121.20,120.07,115.46,113.63,113.06,103.65,101.00,100.37,95.26,95.13,94.06,87.93,88.31,87.62,90.08,88.82,89.83,90.33,90.59,92.67,94.69,91.97,92.86,93.55,95.00,94.94,97.21,100.12,93.49,94.75,87.11,81.31,93.36,91.09,93.49,96.71,95.51,99.23,93.11,96.46,97.15,96.77,105.61,103.46,115.08,120.63,113.06,107.31,116.78,119.62
Pike,"55,933",,,,,,,,,,,,,,5.36,7.15,16.09,25.03,39.33,46.48,57.21,67.94,84.03,98.33,116.21,144.82,169.85,198.45,218.12,236.00,248.51,264.60,298.57,323.60,320.03,325.39,371.87,377.24,371.87,370.09,353.99,334.33,320.03,318.24,302.15,293.21,264.60,248.51,244.94,234.21,189.51,180.57,182.36,166.27,177.00,185.94,185.94,175.21,175.21,164.48,150.18,143.03,148.39,144.82,141.24,146.60,135.88,134.09,118.00,98.33,94.76,101.91,98.33,96.54,94.76,87.60,80.45,78.67,62.57,44.70,39.33,32.18,28.61,28.61,28.61,16.09,14.30,8.94,5.36,8.94,8.94,8.94,10.73,12.51,10.73,10.73,10.73,10.73,8.94,12.51,14.30,16.09,16.09,10.73,12.51,12.51,12.51,10.73,12.51,12.51,17.88,19.67,21.45,19.67,17.88,19.67,23.24,26.82,25.03,25.03,26.82,26.82,26.82,26.82,21.45,19.67,19.67,19.67,21.45,19.67,16.09,16.09,17.88,19.67,19.67,23.24,23.24,26.82
Potter,"16,622",,,,,,,,,,,,,,6.02,6.02,6.02,6.02,6.02,12.03,12.03,12.03,12.03,12.03,12.03,6.02,12.03,12.03,12.03,12.03,12.03,12.03,12.03,12.03,12.03,12.03,12.03,12.03,12.03,12.03,6.02,6.02,6.02,6.02,6.02,6.02,6.02,0.00,0.00,0.00,0.00,0.00,0.00,0.00,0.00,0.00,0.00,0.00,0.00,0.00,0.00,0.00,0.00,0.00,0.00,0.00,0.00,0.00,0.00,0.00,0.00,0.00,0.00,0.00,0.00,0.00,0.00,0.00,0.00,0.00,0.00,0.00,0.00,0.00,0.00,0.00,0.00,12.03,24.06,42.11,42.11,42.11,42.11,48.13,48.13,54.15,54.15,54.15,54.15,54.15,54.15,42.11,30.08,12.03,12.03,12.03,12.03,12.03,12.03,12.03,12.03,12.03,12.03,12.03,18.05,18.05,24.06,24.06,24.06,24.06,24.06,18.05,18.05,12.03,18.05,18.05,18.05,18.05,18.05,18.05,12.03,12.03,12.03,12.03,12.03,18.05,18.05,18.05
Schuylkill,"142,067",,,,,,,,,,,,,,2.11,3.52,4.22,6.34,9.15,11.26,14.78,21.12,26.75,33.08,38.01,44.35,54.20,62.65,70.39,80.24,91.51,98.55,106.29,114.73,117.55,114.03,114.03,116.14,128.11,127.40,124.59,120.37,115.44,111.22,103.47,99.25,95.73,92.91,93.62,92.91,91.51,92.21,92.91,92.21,91.51,94.32,92.21,90.10,95.73,92.91,91.51,88.69,91.51,90.80,90.80,95.03,85.87,92.21,90.10,91.51,92.21,90.80,85.87,88.69,91.51,97.84,94.32,97.84,99.25,86.58,81.65,77.43,78.13,74.61,71.80,76.72,73.91,72.50,65.46,56.31,49.98,45.75,41.53,44.35,43.64,42.94,40.83,38.01,42.23,37.31,36.60,35.90,35.19,40.12,40.83,40.83,42.23,40.12,43.64,41.53,40.83,38.71,35.19,31.68,34.49,33.79,35.19,28.86,28.16,28.16,28.16,28.16,24.64,23.23,23.93,25.34,24.64,26.75,24.64,29.56,29.56,41.53,45.05,48.57,47.16,47.16,45.75,46.46
Snyder,"40,540",,,,,,,,,,,,,,0.00,0.00,0.00,0.00,0.00,2.47,4.93,4.93,4.93,7.40,7.40,9.87,14.80,19.73,19.73,22.20,22.20,22.20,29.60,37.00,44.40,51.80,54.27,51.80,51.80,51.80,51.80,46.87,49.33,51.80,54.27,54.27,46.87,39.47,32.07,24.67,22.20,22.20,22.20,19.73,14.80,14.80,12.33,7.40,4.93,4.93,4.93,2.47,0.00,0.00,0.00,0.00,0.00,0.00,0.00,0.00,0.00,0.00,0.00,0.00,4.93,12.33,12.33,12.33,12.33,14.80,14.80,14.80,22.20,29.60,29.60,29.60,29.60,44.40,44.40,39.47,41.93,41.93,46.87,49.33,49.33,49.33,41.93,34.53,37.00,37.00,37.00,24.67,19.73,17.27,14.80,14.80,9.87,4.93,4.93,4.93,9.87,14.80,12.33,14.80,14.80,14.80,14.80,17.27,17.27,17.27,17.27,24.67,27.13,27.13,22.20,17.27,17.27,19.73,19.73,17.27,19.73,27.13,27.13,32.07,34.53,34.53,32.07,34.53
Somerset,"73,952",,,,,,,,,,,,,,0.00,1.35,2.70,2.70,2.70,2.70,2.70,2.70,2.70,4.06,4.06,4.06,4.06,5.41,8.11,8.11,6.76,6.76,10.82,10.82,13.52,14.87,14.87,14.87,14.87,16.23,18.93,18.93,17.58,16.23,16.23,17.58,16.23,20.28,17.58,16.23,17.58,16.23,16.23,14.87,16.23,14.87,14.87,14.87,17.58,16.23,13.52,9.47,9.47,9.47,8.11,8.11,8.11,8.11,4.06,5.41,8.11,8.11,6.76,6.76,6.76,6.76,6.76,6.76,6.76,6.76,6.76,6.76,8.11,6.76,2.70,2.70,1.35,1.35,1.35,2.70,2.70,2.70,2.70,2.70,2.70,2.70,2.70,2.70,4.06,4.06,4.06,5.41,10.82,10.82,10.82,12.17,12.17,13.52,17.58,21.64,22.99,28.40,27.04,27.04,27.04,27.04,22.99,21.64,21.64,21.64,21.64,24.34,22.99,24.34,25.69,27.04,27.04,31.10,33.81,35.16,37.86,39.21,41.92,40.57,44.62,44.62,48.68,44.62
Sullivan,"6,071",,,,,,,,,,,,,,0.00,0.00,0.00,0.00,0.00,0.00,0.00,0.00,0.00,0.00,0.00,0.00,16.47,16.47,16.47,16.47,16.47,16.47,16.47,16.47,16.47,16.47,16.47,16.47,16.47,16.47,0.00,0.00,0.00,0.00,0.00,0.00,0.00,0.00,0.00,0.00,0.00,0.00,0.00,0.00,0.00,0.00,0.00,0.00,0.00,0.00,0.00,0.00,0.00,0.00,0.00,0.00,0.00,16.47,16.47,16.47,16.47,16.47,16.47,16.47,16.47,16.47,16.47,16.47,16.47,16.47,16.47,16.47,16.47,16.47,16.47,16.47,16.47,16.47,16.47,16.47,16.47,16.47,16.47,16.47,16.47,0.00,0.00,0.00,0.00,0.00,0.00,0.00,0.00,0.00,0.00,0.00,0.00,0.00,0.00,0.00,16.47,32.94,32.94,32.94,32.94,49.42,49.42,115.30,115.30,115.30,115.30,115.30,115.30,115.30,98.83,82.36,82.36,82.36,82.36,65.89,65.89,0.00,0.00,0.00,0.00,0.00,0.00,0.00
Susquehanna,"40,589",,,,,,,,,,,,,,0.00,0.00,0.00,2.46,2.46,2.46,2.46,2.46,2.46,4.93,7.39,9.85,12.32,14.78,14.78,27.10,34.49,36.96,51.74,54.20,59.13,73.91,76.38,93.62,113.33,133.04,133.04,140.43,147.82,147.82,140.43,137.97,133.04,133.04,133.04,123.19,123.19,101.01,86.23,64.06,61.59,54.20,49.27,36.96,39.42,34.49,24.64,9.85,4.93,0.00,-2.46,0.00,-4.93,-4.93,-2.46,-4.93,-2.46,-2.46,0.00,9.85,17.25,34.49,36.96,36.96,39.42,41.88,41.88,66.52,64.06,64.06,61.59,61.59,59.13,81.30,76.38,93.62,128.11,142.90,140.43,140.43,160.14,140.43,147.82,150.29,150.29,152.75,150.29,123.19,133.04,110.87,73.91,59.13,59.13,56.67,34.49,32.03,29.56,27.10,27.10,24.64,24.64,24.64,17.25,17.25,17.25,19.71,29.56,29.56,29.56,32.03,29.56,34.49,34.49,32.03,32.03,29.56,24.64,24.64,24.64,22.17,27.10,29.56,32.03,27.10
Tioga,"40,763",,,,,,,,,,,,,,0.00,0.00,0.00,0.00,2.45,2.45,2.45,2.45,4.91,4.91,4.91,7.36,7.36,7.36,19.63,24.53,24.53,24.53,24.53,26.99,29.44,31.89,26.99,26.99,26.99,26.99,26.99,26.99,14.72,12.27,12.27,9.81,7.36,4.91,2.45,0.00,2.45,2.45,7.36,4.91,4.91,4.91,4.91,2.45,2.45,4.91,4.91,4.91,4.91,4.91,4.91,4.91,0.00,0.00,0.00,0.00,0.00,0.00,0.00,0.00,0.00,0.00,0.00,0.00,0.00,0.00,0.00,2.45,2.45,2.45,2.45,7.36,7.36,7.36,7.36,7.36,7.36,7.36,7.36,7.36,9.81,7.36,7.36,7.36,7.36,2.45,2.45,2.45,2.45,2.45,7.36,9.81,9.81,9.81,7.36,7.36,9.81,9.81,12.27,12.27,12.27,12.27,14.72,14.72,12.27,9.81,9.81,9.81,9.81,9.81,12.27,12.27,9.81,12.27,14.72,17.17,14.72,14.72,12.27,12.27,14.72,14.72,14.72,17.17
Union,"44,785",,,,,,,,,,,,,,0.00,0.00,0.00,0.00,0.00,0.00,0.00,8.93,8.93,4.47,4.47,6.70,11.16,13.40,13.40,15.63,17.86,24.56,26.79,31.26,42.42,37.96,42.42,46.89,51.36,51.36,49.12,46.89,49.12,49.12,49.12,42.42,42.42,37.96,26.79,22.33,22.33,22.33,24.56,24.56,24.56,24.56,22.33,20.10,20.10,22.33,20.10,20.10,20.10,22.33,17.86,20.10,15.63,15.63,17.86,20.10,29.03,26.79,37.96,46.89,46.89,26.79,29.03,29.03,33.49,31.26,29.03,29.03,29.03,26.79,24.56,22.33,15.63,8.93,20.10,42.42,44.66,42.42,40.19,42.42,51.36,53.59,49.12,53.59,58.06,53.59,44.66,40.19,31.26,31.26,33.49,35.73,33.49,31.26,22.33,20.10,20.10,15.63,8.93,17.86,17.86,22.33,22.33,22.33,15.63,13.40,15.63,20.10,17.86,15.63,17.86,20.10,17.86,29.03,37.96,33.49,33.49,33.49,35.73,42.42,37.96,33.49,40.19,42.42
Venango,"51,266",,,,,,,,,,,,,,0.00,0.00,0.00,0.00,0.00,0.00,1.95,1.95,5.85,5.85,5.85,5.85,5.85,5.85,9.75,9.75,9.75,9.75,9.75,11.70,9.75,9.75,5.85,5.85,5.85,5.85,5.85,5.85,1.95,1.95,1.95,3.90,3.90,1.95,1.95,1.95,1.95,1.95,1.95,1.95,1.95,1.95,1.95,1.95,1.95,0.00,0.00,0.00,0.00,0.00,0.00,0.00,0.00,0.00,0.00,1.95,1.95,1.95,1.95,1.95,1.95,1.95,1.95,1.95,1.95,1.95,1.95,1.95,3.90,1.95,1.95,1.95,1.95,3.90,13.65,13.65,13.65,13.65,15.60,15.60,15.60,17.56,15.60,15.60,15.60,15.60,15.60,13.65,3.90,3.90,3.90,3.90,1.95,1.95,1.95,0.00,1.95,1.95,1.95,1.95,3.90,11.70,11.70,11.70,19.51,19.51,21.46,33.16,35.11,33.16,33.16,35.11,39.01,54.62,58.52,50.72,56.57,54.62,46.81,46.81,48.77,37.06,35.11,37.06
Warren,"39,498",,,,,,,,,,,,,,0.00,0.00,2.53,2.53,2.53,2.53,2.53,2.53,2.53,2.53,2.53,2.53,2.53,2.53,2.53,2.53,0.00,0.00,0.00,0.00,0.00,0.00,0.00,0.00,0.00,0.00,0.00,0.00,0.00,2.53,2.53,0.00,0.00,0.00,0.00,0.00,0.00,0.00,0.00,0.00,0.00,0.00,0.00,-2.53,-2.53,0.00,0.00,0.00,0.00,0.00,0.00,2.53,2.53,2.53,2.53,2.53,2.53,2.53,2.53,5.06,5.06,5.06,5.06,5.06,5.06,2.53,2.53,2.53,2.53,2.53,2.53,2.53,5.06,5.06,5.06,5.06,5.06,5.06,5.06,5.06,5.06,5.06,5.06,5.06,5.06,5.06,2.53,0.00,0.00,0.00,0.00,0.00,0.00,0.00,0.00,0.00,0.00,0.00,0.00,2.53,5.06,5.06,5.06,5.06,5.06,5.06,5.06,5.06,5.06,10.13,10.13,12.66,12.66,10.13,10.13,10.13,10.13,12.66,15.19,15.19,17.72,17.72,17.72,12.66
Washington,"207,346",,,,,,,,,,,,,,3.38,4.34,4.82,5.79,6.27,10.61,11.09,12.06,14.95,15.92,16.88,17.84,19.77,20.74,22.19,23.15,23.63,24.60,25.08,20.74,21.22,20.74,17.84,17.36,16.88,16.88,15.92,15.43,14.47,13.99,13.50,13.99,14.47,15.92,15.92,18.33,18.81,20.26,20.26,19.77,18.81,17.84,17.84,16.40,16.40,13.50,12.06,12.06,11.09,8.20,8.20,6.75,6.75,6.27,5.79,5.79,6.27,4.82,4.34,4.82,6.27,5.31,6.75,6.75,5.79,5.31,4.82,4.82,4.34,3.86,3.38,4.82,4.82,4.82,3.38,5.31,4.34,5.31,5.79,6.27,5.79,6.75,7.72,7.72,7.72,7.72,8.68,8.68,10.13,9.16,10.13,9.16,10.13,12.06,15.92,16.40,20.26,27.01,28.94,30.38,34.72,41.48,46.78,54.98,61.25,72.34,81.02,86.81,87.78,107.55,112.37,113.82,114.78,118.64,127.32,132.15,133.11,125.88,127.32,126.36,122.02,119.12,119.12,109.48
Wayne,"51,276",,,,,,,,,,,,,,3.90,5.85,5.85,9.75,9.75,9.75,11.70,17.55,17.55,25.35,31.20,42.91,52.66,60.46,62.41,70.21,83.86,83.86,91.66,99.46,109.21,111.16,117.01,118.96,117.01,113.11,109.21,99.46,97.51,89.71,76.06,74.11,68.26,68.26,56.56,50.71,44.86,39.00,44.86,40.95,39.00,48.76,46.81,44.86,46.81,50.71,48.76,46.81,48.76,46.81,46.81,23.40,13.65,9.75,7.80,-1.95,-1.95,1.95,0.00,-1.95,3.90,1.95,0.00,1.95,1.95,21.45,21.45,23.40,21.45,21.45,23.40,19.50,19.50,17.55,15.60,11.70,17.55,11.70,11.70,9.75,13.65,11.70,13.65,13.65,11.70,11.70,11.70,13.65,11.70,13.65,7.80,11.70,13.65,15.60,15.60,25.35,21.45,25.35,25.35,27.30,27.30,23.40,25.35,21.45,21.45,21.45,19.50,19.50,15.60,5.85,7.80,3.90,3.90,1.95,5.85,7.80,11.70,13.65,13.65,15.60,15.60,13.65,19.50,19.50
Westmoreland,"350,611",,,,,,,,,,,,,,1.71,3.14,4.56,6.85,8.56,11.69,13.41,15.69,17.40,20.54,23.39,30.23,37.36,40.79,43.07,47.35,47.63,47.35,49.06,50.48,50.20,49.34,48.49,47.06,44.49,39.65,41.36,39.07,36.79,32.51,33.37,33.37,32.80,40.50,43.07,42.50,43.35,42.50,43.07,41.07,33.09,33.37,33.37,32.51,31.09,29.66,27.38,15.69,12.26,11.69,10.27,9.41,8.84,8.56,7.70,7.42,8.27,7.42,6.56,6.56,6.56,6.27,6.56,6.56,6.56,6.56,5.99,5.99,6.85,6.27,4.85,5.70,5.99,5.99,5.70,5.70,5.42,5.70,7.13,8.84,8.84,11.12,11.41,11.69,12.26,11.98,12.83,13.41,15.40,17.68,20.25,24.24,24.24,25.67,29.66,29.66,34.23,37.08,42.21,43.64,50.48,59.61,66.74,72.73,77.29,80.43,88.70,94.98,96.69,104.10,104.96,106.67,105.53,110.38,108.10,107.81,106.39,102.96,100.40,98.68,94.12,90.70,90.41,85.56
Wyoming,"27,046",,,,,,,,,,,,,,0.00,0.00,0.00,0.00,0.00,0.00,0.00,0.00,0.00,0.00,3.70,7.39,18.49,18.49,18.49,18.49,18.49,22.18,22.18,29.58,33.28,44.37,40.67,48.07,48.07,51.76,40.67,44.37,44.37,44.37,44.37,40.67,40.67,33.28,29.58,22.18,25.88,22.18,22.18,18.49,33.28,29.58,36.97,36.97,36.97,36.97,40.67,48.07,48.07,44.37,48.07,44.37,40.67,25.88,14.79,14.79,11.09,11.09,11.09,18.49,18.49,11.09,11.09,11.09,7.39,7.39,11.09,22.18,18.49,18.49,14.79,14.79,14.79,7.39,3.70,3.70,3.70,7.39,11.09,11.09,7.39,7.39,7.39,7.39,7.39,7.39,7.39,7.39,7.39,7.39,11.09,7.39,3.70,3.70,3.70,3.70,3.70,3.70,3.70,7.39,7.39,7.39,11.09,11.09,7.39,11.09,11.09,11.09,14.79,18.49,25.88,29.58,36.97,36.97,36.97,36.97,36.97,44.37,48.07,44.37,44.37,48.07,55.46,51.76
York,"448,273",,,,,,,,,,,,,,2.23,4.02,4.46,4.68,6.47,8.25,9.59,12.05,14.72,17.18,22.31,25.65,30.12,35.92,39.93,44.62,47.52,51.08,56.66,57.11,58.89,61.79,68.04,67.37,64.92,71.83,71.16,69.15,67.82,66.70,66.48,66.03,62.46,63.58,63.80,61.35,54.21,54.21,55.32,46.40,44.84,44.17,46.62,44.39,42.61,43.28,42.38,42.16,40.15,39.71,39.93,39.93,39.26,39.48,38.15,38.37,34.58,33.46,33.46,31.90,31.68,30.56,33.68,32.57,33.46,34.13,34.13,36.36,36.81,34.80,34.80,36.14,36.81,34.58,32.35,32.35,35.25,34.80,33.68,32.57,32.79,33.46,35.02,34.58,34.80,34.58,35.25,38.15,42.16,45.95,47.74,59.12,64.02,66.48,67.15,64.02,63.80,65.59,68.71,74.06,74.95,77.19,77.63,75.85,69.82,58.45,60.90,65.14,66.03,80.98,86.33,87.89,84.99,79.64,84.10,86.33,86.11,84.77,83.88,87.67,88.79,83.65,85.66,73.17