Date,3/9,3/10,3/11,3/12,3/13,3/14,3/15,3/16,3/17,3/18,3/19,3/20,3/21,3/22,3/23,3/24,3/25,3/26,3/27,3/28,3/29,3/30,3/31,4/1,4/2,4/3,4/4,4/5,4/6,4/7,4/8,4/9,4/10,4/11,4/12,4/13,4/14,4/15,4/16,4/17,4/18,4/19,4/20,4/21,4/22,4/23,4/24,4/25,4/26,4/27,4/28,4/29,4/30,5/1,5/2,5/3,5/4,5/5,5/6,5/7,5/8,5/9,5/10,5/11,5/12,5/13,5/14,5/15,5/16,5/17,5/18,5/19,5/20,5/21,5/22,5/23,5/24,5/25,5/26,5/27,5/28,5/29,5/30,5/31,6/1,6/2,6/3,6/4,6/5,6/6,6/7,6/8,6/9,6/10,6/11,6/12,6/13,6/14,6/15,6/16,6/17,6/18,6/19,6/20,6/21,6/22,6/23,6/24,6/25,6/26,6/27,6/28,6/29,6/30,7/1,7/2,7/3,7/4,7/5,7/6,7/7,7/8,7/9,7/10,7/11,7/12,7/13,7/14,7/15,7/16,7/17,7/18,7/19,7/20,7/21,7/22,7/23,7/24,7/25,7/26,7/27,7/28,7/29,7/30,7/31,8/1,8/2,8/3,8/4,8/5,8/6,8/7,8/8,8/9,8/10,8/11,8/12,8/13,8/14,8/15,8/16,8/17,8/18,8/19,8/20,8/21,8/22,8/23,8/24,8/25,8/26,8/27,8/28,8/29,8/30,8/31,9/1,9/2,9/3,9/4
PA Cases,10,14,16,22,41,47,62,76,96,133,185,268,371,479,644,851,1127,1687,2218,2751,3394,4087,4843,5805,7016,8420,10017,11510,12980,14559,16239,18228,19979,21655,22833,24199,25345,26490,27735,29441,31069,32284,33232,34528,35684,37053,38652,40049,41165,42050,43264,44366,45763,46971,48305,49267,50092,50957,51845,52915,54238,55316,56611,57154,57991,58698,59636,60622,61611,62234,63056,63666,64412,65392,66258,66983,67713,68186,68637,69417,70042,70735,71415,71926,72282,72894,73405,73942,74385,75086,75592,75943,76436,76846,77313,77999,78462,78798,79121,79483,79818,80236,80762,81266,81730,82186,82696,83191,83770,84370,84991,85496,85988,86606,87242,88074,88741,89375,89854,90304,91299,92148,92867,93876,94689,95414,95742,96671,97665,98446,99478,100241,101027,101738,102765,103396,104358,105571,106625,107425,108264,109384,110218,111078,112048,112936,113590,114155,115009,115714,116521,117279,118092,118852,119453,120281,121130,122121,122950,123800,124460,124844,125579,126149,126940,127633,128429,129048,129474,130035,130536,131156,131991,132834,133504,134025,134795,135611,136771,137662
Allegheny,0,0,0,0,0,2,3,5,7,11,16,28,31,40,48,58,88,133,158,219,265,290,325,356,419,476,552,605,642,689,720,759,788,836,857,876,893,904,925,947,1009,1035,1042,1059,1088,1149,1177,1198,1211,1224,1235,1273,1289,1319,1333,1345,1365,1375,1394,1439,1455,1486,1503,1511,1526,1545,1551,1582,1595,1603,1641,1658,1687,1718,1739,1753,1777,1805,1816,1828,1851,1870,1897,1911,1919,1928,1952,1965,1973,1989,2003,2008,2027,2034,2055,2065,2076,2079,2086,2113,2113,2122,2139,2159,2175,2220,2239,2284,2321,2382,2472,2568,2651,2760,2870,3103,3280,3430,3557,3775,3979,4209,4367,4547,4762,4962,5033,5364,5610,5750,5990,6125,6263,6435,6574,6670,6817,7015,7161,7294,7474,7593,7718,7850,8094,8160,8242,8310,8442,8512,8612,8709,8796,8857,8932,9008,9078,9192,9282,9359,9433,9504,9549,9576,9676,9756,9817,9903,9932,9990,10004,10065,10128,10211,10310,10347,10376,10444,10549,10641
Armstrong,0,0,0,0,0,0,0,0,0,0,0,0,0,0,0,1,1,1,1,2,3,3,5,5,7,11,12,12,13,18,19,20,22,26,27,28,28,29,32,32,36,38,38,38,39,43,43,46,46,47,50,50,51,52,52,52,52,53,55,55,55,55,55,55,55,56,56,57,58,58,58,58,58,58,58,58,58,58,59,61,62,62,62,62,62,62,64,64,64,65,65,65,65,65,65,66,66,66,66,68,68,68,69,69,69,69,70,70,70,72,73,73,73,74,76,77,78,79,78,78,79,79,80,84,84,86,86,88,94,96,97,97,114,119,122,129,134,138,151,163,166,169,174,178,179,184,187,188,192,196,200,204,208,212,216,222,230,237,242,244,242,244,245,250,266,269,276,282,285,291,297,301,308,312,313,314,320,324,341,343
Beaver,0,0,0,0,0,0,0,0,1,2,2,3,3,3,3,3,7,13,14,22,28,44,52,54,55,65,69,84,96,116,128,129,139,143,145,153,156,158,168,178,278,288,298,303,317,319,337,359,366,387,388,392,405,426,435,435,458,466,471,472,479,482,491,491,493,509,512,516,518,517,533,534,539,539,550,552,554,568,570,570,579,582,589,590,590,591,594,599,598,598,603,603,608,610,610,611,611,611,613,613,615,616,619,621,624,625,630,634,637,638,642,648,651,669,678,688,706,720,737,742,770,785,796,809,823,837,845,870,884,893,918,949,958,968,1011,1046,1053,1084,1101,1116,1127,1164,1176,1189,1212,1219,1232,1237,1261,1269,1280,1294,1312,1316,1326,1332,1351,1374,1382,1401,1407,1410,1423,1437,1447,1485,1496,1501,1504,1515,1526,1532,1573,1597,1603,1611,1618,1630,1653,1694
Butler,0,0,0,0,0,0,0,0,0,0,0,0,1,1,5,6,12,19,26,41,47,49,60,64,69,75,84,87,91,107,113,113,123,128,133,143,143,150,154,157,160,161,161,162,164,164,168,168,170,170,174,175,178,180,180,180,180,184,185,190,192,194,195,195,198,197,199,202,202,203,203,206,208,209,209,216,219,220,220,222,226,227,229,230,230,232,235,240,239,244,247,247,249,250,255,256,257,257,257,260,263,263,263,263,268,271,273,277,280,284,291,295,302,307,311,319,330,340,346,356,370,390,396,403,410,421,429,444,444,456,465,474,479,481,508,513,519,535,544,556,562,577,586,593,597,600,602,605,615,624,637,645,656,661,671,677,695,707,710,712,718,723,729,732,737,740,744,746,745,750,757,760,767,778,780,785,789,801,821,833
Fayette,0,0,0,0,0,0,0,0,0,0,0,0,0,1,1,2,4,8,9,10,10,11,14,14,15,20,23,27,29,32,35,45,49,50,54,57,58,58,60,66,66,66,67,69,70,71,75,79,79,79,79,80,80,81,82,83,83,84,84,84,84,85,85,85,85,85,87,87,88,89,91,92,93,93,93,94,94,94,95,95,95,95,95,95,95,95,95,95,95,95,95,95,95,95,96,95,95,95,95,95,98,100,103,103,104,104,104,104,104,106,110,111,112,116,117,127,132,135,140,147,149,160,163,178,194,196,202,213,220,223,235,255,262,272,279,288,294,301,307,311,314,336,352,363,387,403,408,414,423,431,465,472,485,494,501,562,582,595,609,613,624,628,631,639,644,653,656,658,661,663,665,674,681,683,689,692,694,699,703,705
Washington,0,0,0,0,1,1,1,1,2,2,3,3,5,7,7,9,10,12,14,23,24,26,33,35,38,40,46,50,53,57,59,63,66,66,68,69,70,71,73,75,79,82,83,86,87,92,96,99,101,107,109,113,115,116,118,119,120,120,121,120,121,124,124,124,126,127,129,129,130,131,133,130,130,130,134,135,138,138,138,138,139,139,139,139,140,140,140,140,141,146,147,149,150,151,151,153,155,155,156,156,158,158,162,165,168,168,171,176,184,187,197,211,216,219,230,244,259,279,295,318,339,356,366,410,430,447,454,465,494,518,535,540,559,580,592,603,613,637,654,669,681,699,710,723,740,747,756,764,773,785,808,821,829,840,855,862,871,880,891,899,903,910,924,930,941,956,968,976,979,983,994,1001,1019,1036,1042,1054,1066,1086,1108,1117
Westmoreland,0,0,0,0,0,0,0,0,0,0,2,4,4,4,6,11,16,24,30,41,47,55,61,72,84,110,135,147,157,177,183,190,202,218,223,228,231,237,240,249,280,284,286,291,300,307,317,360,374,377,383,386,391,393,396,401,403,405,409,411,413,415,417,418,419,419,422,423,423,427,432,431,432,434,436,437,440,441,442,442,443,444,447,449,449,451,453,455,456,457,459,461,467,473,474,483,487,490,492,493,498,502,510,519,530,546,552,563,578,587,607,620,640,646,675,711,744,774,801,828,863,896,917,952,975,994,1010,1033,1054,1089,1117,1135,1153,1174,1193,1214,1234,1252,1271,1302,1313,1327,1351,1382,1409,1422,1438,1457,1464,1475,1484,1500,1523,1537,1553,1555,1573,1586,1593,1609,1620,1627,1640,1658,1678,1696,1716,1731,1740,1748,1763,1778,1789,1802,1809,1815,1819,1837,1851,1861
Pgh MSA,0,0,0,0,1,3,4,6,10,15,23,38,44,56,70,90,138,210,252,358,424,478,550,600,687,797,921,1012,1081,1196,1257,1319,1389,1467,1507,1554,1579,1607,1652,1704,1908,1954,1975,2008,2065,2145,2213,2309,2347,2391,2418,2469,2509,2567,2596,2615,2661,2687,2719,2771,2799,2841,2870,2879,2902,2938,2956,2996,3014,3028,3091,3109,3147,3181,3219,3245,3280,3324,3340,3356,3395,3419,3458,3476,3485,3499,3533,3558,3566,3594,3619,3628,3661,3678,3706,3729,3747,3753,3765,3798,3813,3829,3865,3899,3938,4003,4039,4108,4174,4256,4392,4526,4645,4791,4957,5269,5529,5757,5954,6244,6549,6875,7085,7383,7678,7943,8059,8477,8800,9025,9357,9575,9788,10029,10279,10463,10664,10962,11189,11411,11637,11865,12067,12278,12618,12735,12865,12975,13170,13292,13486,13645,13809,13917,14054,14218,14380,14571,14709,14837,14947,15046,15141,15222,15389,15555,15673,15797,15846,15940,16006,16111,16265,16419,16546,16618,16682,16821,17026,17194
PA New Cases,0,4,2,6,19,6,15,14,20,37,52,83,103,108,165,207,276,560,531,533,643,693,756,962,1211,1404,1597,1493,1470,1579,1680,1989,1751,1676,1178,1366,1146,1145,1245,1706,1628,1215,948,1296,1156,1369,1599,1397,1116,885,1214,1102,1397,1208,1334,962,825,865,888,1070,1323,1078,1295,543,837,707,938,986,989,623,822,610,746,980,866,725,730,473,451,780,625,693,680,511,356,612,511,537,443,701,506,351,493,410,467,686,463,336,323,362,335,418,526,504,464,456,510,495,579,600,621,505,492,618,636,832,667,634,479,450,995,849,719,1009,813,725,328,929,994,781,1032,763,786,711,1027,631,962,1213,1054,800,839,1120,834,860,970,888,654,565,854,705,807,758,813,760,601,828,849,991,829,850,660,384,735,570,791,693,796,619,426,561,501,620,835,843,670,521,770,816,1160,891
Pgh MSA New,0,0,0,0,1,2,1,2,4,5,8,15,6,12,14,20,48,72,42,106,66,54,72,50,87,110,124,91,69,115,61,62,70,78,40,47,25,28,45,52,204,46,21,33,57,80,68,96,38,44,27,51,40,58,29,19,46,26,32,52,28,42,29,9,23,36,18,40,18,14,63,18,38,34,38,26,35,44,16,16,39,24,39,18,9,14,34,25,8,28,25,9,33,17,28,23,18,6,12,33,15,16,36,34,39,65,36,69,66,82,136,134,119,146,166,312,260,228,197,290,305,326,210,298,295,265,116,418,323,225,332,218,213,241,250,184,201,298,227,222,226,228,202,211,340,117,130,110,195,122,194,159,164,108,137,164,162,191,138,128,110,99,95,81,167,166,118,124,49,94,66,105,154,154,127,72,64,139,205,168
Alle. New Cases,,0,0,0,0,2,1,2,2,4,5,12,3,9,8,10,30,45,25,61,46,25,35,31,63,57,76,53,37,47,31,39,29,48,21,19,17,11,21,22,62,26,7,17,29,61,28,21,13,13,11,38,16,30,14,12,20,10,19,45,16,31,17,8,15,19,6,31,13,8,38,17,29,31,21,14,24,28,11,12,23,19,27,14,8,9,24,13,8,16,14,5,19,7,21,10,11,3,7,27,0,9,17,20,16,45,19,45,37,61,90,96,83,109,110,233,177,150,127,218,204,230,158,180,215,200,71,331,246,140,240,135,138,172,139,96,147,198,146,133,180,119,125,132,244,66,82,68,132,70,100,97,87,61,75,76,70,114,90,77,74,71,45,27,100,80,61,86,29,58,14,61,63,83,99,37,29,68,105,92
PA % Growth,,40.00%,14.29%,37.50%,86.36%,14.63%,31.91%,22.58%,26.32%,38.54%,39.10%,44.86%,38.43%,29.11%,34.45%,32.14%,32.43%,49.69%,31.48%,24.03%,23.37%,20.42%,18.50%,19.86%,20.86%,20.01%,18.97%,14.90%,12.77%,12.16%,11.54%,12.25%,9.61%,8.39%,5.44%,5.98%,4.74%,4.52%,4.70%,6.15%,5.53%,3.91%,2.94%,3.90%,3.35%,3.84%,4.32%,3.61%,2.79%,2.15%,2.89%,2.55%,3.15%,2.64%,2.84%,1.99%,1.67%,1.73%,1.74%,2.06%,2.50%,1.99%,2.34%,0.96%,1.46%,1.22%,1.60%,1.65%,1.63%,1.01%,1.32%,0.97%,1.17%,1.52%,1.32%,1.09%,1.09%,0.70%,0.66%,1.14%,0.90%,0.99%,0.96%,0.72%,0.49%,0.85%,0.70%,0.73%,0.60%,0.94%,0.67%,0.46%,0.65%,0.54%,0.61%,0.89%,0.59%,0.43%,0.41%,0.46%,0.42%,0.52%,0.66%,0.62%,0.57%,0.56%,0.62%,0.60%,0.70%,0.72%,0.74%,0.59%,0.58%,0.72%,0.73%,0.95%,0.76%,0.71%,0.54%,0.50%,1.10%,0.93%,0.78%,1.09%,0.87%,0.77%,0.34%,0.97%,1.03%,0.80%,1.05%,0.77%,0.78%,0.70%,1.01%,0.61%,0.93%,1.16%,1.00%,0.75%,0.78%,1.03%,0.76%,0.78%,0.87%,0.79%,0.58%,0.50%,0.75%,0.61%,0.70%,0.65%,0.69%,0.64%,0.51%,0.69%,0.71%,0.82%,0.68%,0.69%,0.53%,0.31%,0.59%,0.45%,0.63%,0.55%,0.62%,0.48%,0.33%,0.43%,0.39%,0.47%,0.64%,0.64%,0.50%,0.39%,0.57%,0.61%,0.86%,0.65%
Pgh MSA %,,,,,,,33.33%,50.00%,66.67%,50.00%,53.33%,65.22%,15.79%,27.27%,25.00%,28.57%,53.33%,52.17%,20.00%,42.06%,18.44%,12.74%,15.06%,9.09%,14.50%,16.01%,15.56%,9.88%,6.82%,10.64%,5.10%,4.93%,5.31%,5.62%,2.73%,3.12%,1.61%,1.77%,2.80%,3.15%,11.97%,2.41%,1.07%,1.67%,2.84%,3.87%,3.17%,4.34%,1.65%,1.87%,1.13%,2.11%,1.62%,2.31%,1.13%,0.73%,1.76%,0.98%,1.19%,1.91%,1.01%,1.50%,1.02%,0.31%,0.80%,1.24%,0.61%,1.35%,0.60%,0.46%,2.08%,0.58%,1.22%,1.08%,1.19%,0.81%,1.08%,1.34%,0.48%,0.48%,1.16%,0.71%,1.14%,0.52%,0.26%,0.40%,0.97%,0.71%,0.22%,0.79%,0.70%,0.25%,0.91%,0.46%,0.76%,0.62%,0.48%,0.16%,0.32%,0.88%,0.39%,0.42%,0.94%,0.88%,1.00%,1.65%,0.90%,1.71%,1.61%,1.96%,3.20%,3.05%,2.63%,3.14%,3.46%,6.29%,4.93%,4.12%,3.42%,4.87%,4.88%,4.98%,3.05%,4.21%,4.00%,3.45%,1.46%,5.19%,3.81%,2.56%,3.68%,2.33%,2.22%,2.46%,2.49%,1.79%,1.92%,2.79%,2.07%,1.98%,1.98%,1.96%,1.70%,1.75%,2.77%,0.93%,1.02%,0.86%,1.50%,0.93%,1.46%,1.18%,1.20%,0.78%,0.98%,1.17%,1.14%,1.33%,0.95%,0.87%,0.74%,0.66%,0.63%,0.53%,1.10%,1.08%,0.76%,0.79%,0.31%,0.59%,0.41%,0.66%,0.96%,0.95%,0.77%,0.44%,0.39%,0.83%,1.22%,0.99%
Alleg. % Growth,,,,,,,50.00%,66.67%,40.00%,57.14%,45.45%,75.00%,10.71%,29.03%,20.00%,20.83%,51.72%,51.14%,18.80%,38.61%,21.00%,9.43%,12.07%,9.54%,17.70%,13.60%,15.97%,9.60%,6.12%,7.32%,4.50%,5.42%,3.82%,6.09%,2.51%,2.22%,1.94%,1.23%,2.32%,2.38%,6.55%,2.58%,0.68%,1.63%,2.74%,5.61%,2.44%,1.78%,1.09%,1.07%,0.90%,3.08%,1.26%,2.33%,1.06%,0.90%,1.49%,0.73%,1.38%,3.23%,1.11%,2.13%,1.14%,0.53%,0.99%,1.25%,0.39%,2.00%,0.82%,0.50%,2.37%,1.04%,1.75%,1.84%,1.22%,0.81%,1.37%,1.58%,0.61%,0.66%,1.26%,1.03%,1.44%,0.74%,0.42%,0.47%,1.24%,0.67%,0.41%,0.81%,0.70%,0.25%,0.95%,0.35%,1.03%,0.49%,0.53%,0.14%,0.34%,1.29%,0.00%,0.43%,0.80%,0.94%,0.74%,2.07%,0.86%,2.01%,1.62%,2.63%,3.78%,3.88%,3.23%,4.11%,3.99%,8.12%,5.70%,4.57%,3.70%,6.13%,5.40%,5.78%,3.75%,4.12%,4.73%,4.20%,1.43%,6.58%,4.59%,2.50%,4.17%,2.25%,2.25%,2.75%,2.16%,1.46%,2.20%,2.90%,2.08%,1.86%,2.47%,1.59%,1.65%,1.71%,3.11%,0.82%,1.00%,0.83%,1.59%,0.83%,1.17%,1.13%,1.00%,0.69%,0.85%,0.85%,0.78%,1.26%,0.98%,0.83%,0.79%,0.75%,0.47%,0.28%,1.04%,0.83%,0.63%,0.88%,0.29%,0.58%,0.14%,0.61%,0.63%,0.82%,0.97%,0.36%,0.28%,0.66%,1.01%,0.87%
,,,,,,,,,,,,,,,,,,,,,,,,,,,,,,,,,,,,,,,,,,,,,,,,,,,,,,,,,,,,,,,,,,,,,,,,,,,,,,,,,,,,,,,,,,,,,,,,,,,,,,,,,,,,,,,,,,,,,,,,,,,,,,,,,,,,,,,,,,,,,,,,,,,,,,,,,,,,,,,,,,,,,,,,,,,,,,,,,,,,
STATE TESTS,,,,,,,,,,,,,,,,,,,,,,,,,,,,,,,,,,,,,,,,,,,,,,,,,,,,,,,,,,,,,,,,,,,,,,,,,,,,,,,,,,,,,,,,,,,,,,,,,,,,,,,,,,,,,,,,,,,,,,,,,,,,,,,,,,,,,,,,,,,,,,,,,,,,,,,,,,,,,,,,,,,,,,,,,,,,,,,,,,,,
Positive Tests,,,,22,41,47,69,76,96,133,185,264,371,479,644,851,1127,1687,2218,2751,3394,4087,4843,5805,7016,8420,10017,11510,12980,14559,16239,18228,19979,21655,22833,24199,25345,26490,27735,29441,31069,32284,33232,34528,35684,37053,38652,40049,41165,42050,43264,44366,45763,46971,48305,49267,50092,50957,51845,52915,54238,55316,56611,57154,57991,58698,59636,60622,61611,62234,63056,63666,64412,65392,66258,66983,67713,68186,68637,69417,70042,70735,71415,71926,72282,72894,73405,73942,74385,75086,75592,75943,76436,76846,77313,77999,78462,78798,79121,79483,79818,80236,80762,81266,81730,82186,82696,83191,83770,84370,84991,85496,85988,86606,87242,88074,88741,89375,89854,90304,91299,92148,92867,93876,94689,95266,95742,96671,97665,98446,99478,100241,101027,101738,102765,103396,104358,105571,106625,107425,108264,109384,110218,111078,112048,112936,113590,114155,115009,115714,116521,117279,118092,118852,119453,120281,121130,122121,122950,123800,124460,124844,125579,126149,126940,127633,128429,129048,129474,130035,130536,131156,131991,132834,133504,134025,134795,135611,136771,137662
Negative Tests,,,,116,145,205,205,670,879,1187,1608,2574,3766,4964,6595,8643,11193,16441,21016,25254,30061,33777,37645,42427,47698,53695,60013,66261,70874,76719,82299,87374,93040,98498,102057,105593,108286,111094,113735,117932,122896,126570,129720,132323,136272,142061,147491,152886,157428,161372,165824,170517,175602,180477,187071,191374,195498,199925,204495,209873,216231,221791,227772,231704,237989,244171,251559,259210,266225,270670,277553,286034,293244,303514,312743,321469,328382,334928,339835,349990,357804,366970,375731,383111,389431,399361,408269,416942,424201,435122,444173,451387,459248,467329,476439,488385,496589,504435,513909,523609,533013,543832,556456,566461,576015,585662,596407,608217,621031,634711,646780,657486,666901,677581,689562,702199,715403,725448,734846,743020,758803,774378,787156,804764,817634,829018,835732,850612,870984,885195,899912,912486,926352,938175,952998,968081,981259,999377,1016705,1028776,1042424,1059776,1073863,1088859,1104824,1119386,1130979,1142414,1156520,1169011,1183730,1199620,1214965,1228358,1240830,1255313,1271976,1288873,1304739,1319884,1332403,1342475,1353987,1368318,1386071,1399509,1412124,1423972,1433364,1445170,1457642,1471765,1488835,1504108,1515899,1524195,1539969,1552085,1565443,1576879
Total Tests,,,,138,186,252,274,746,975,1320,1793,2838,4137,5443,7239,9494,12320,18128,23234,28005,33455,37864,42488,48232,54714,62115,70030,77771,83854,91278,98538,105602,113019,120153,124890,129792,133631,137584,141470,147373,153965,158854,162952,166851,171956,179114,186143,192935,198593,203422,209088,214883,221365,227448,235376,240641,245590,250882,256340,262788,270469,277107,284383,288858,295980,302869,311195,319832,327836,332904,340609,349700,357656,368906,379001,388452,396095,403114,408472,419407,427846,437705,447146,455037,461713,472255,481674,490884,498586,510208,519765,527330,535684,544175,553752,566384,575051,583233,593030,603092,612831,624068,637218,647727,657745,667848,679103,691408,704801,719081,731771,742982,752889,764187,776804,790273,804144,814823,824700,833324,850102,866526,880023,898640,912323,924284,931474,947283,968649,983641,999390,1012727,1027379,1039913,1055763,1071477,1085617,1104948,1123330,1136201,1150688,1169160,1184081,1199937,1216872,1232322,1244569,1256569,1271529,1284725,1300251,1316899,1333057,1347210,1360283,1375594,1393106,1410994,1427689,1443684,1456863,1467319,1479566,1494467,1513011,1527142,1540553,1553020,1562838,1575205,1588178,1602921,1620826,1636942,1649403,1658220,1674764,1687696,1702214,1714541
Cum. % Positive,,,,15.94%,22.04%,18.65%,25.18%,10.19%,9.85%,10.08%,10.32%,9.30%,8.97%,8.80%,8.90%,8.96%,9.15%,9.31%,9.55%,9.82%,10.14%,10.79%,11.40%,12.04%,12.82%,13.56%,14.30%,14.80%,15.48%,15.95%,16.48%,17.26%,17.68%,18.02%,18.28%,18.64%,18.97%,19.25%,19.60%,19.98%,20.18%,20.32%,20.39%,20.69%,20.75%,20.69%,20.76%,20.76%,20.73%,20.67%,20.69%,20.65%,20.67%,20.65%,20.52%,20.47%,20.40%,20.31%,20.23%,20.14%,20.05%,19.96%,19.91%,19.79%,19.59%,19.38%,19.16%,18.95%,18.79%,18.69%,18.51%,18.21%,18.01%,17.73%,17.48%,17.24%,17.10%,16.91%,16.80%,16.55%,16.37%,16.16%,15.97%,15.81%,15.66%,15.44%,15.24%,15.06%,14.92%,14.72%,14.54%,14.40%,14.27%,14.12%,13.96%,13.77%,13.64%,13.51%,13.34%,13.18%,13.02%,12.86%,12.67%,12.55%,12.43%,12.31%,12.18%,12.03%,11.89%,11.73%,11.61%,11.51%,11.42%,11.33%,11.23%,11.14%,11.04%,10.97%,10.90%,10.84%,10.74%,10.63%,10.55%,10.45%,10.38%,10.31%,10.28%,10.21%,10.08%,10.01%,9.95%,9.90%,9.83%,9.78%,9.73%,9.65%,9.61%,9.55%,9.49%,9.45%,9.41%,9.36%,9.31%,9.26%,9.21%,9.16%,9.13%,9.08%,9.04%,9.01%,8.96%,8.91%,8.86%,8.82%,8.78%,8.74%,8.69%,8.65%,8.61%,8.58%,8.54%,8.51%,8.49%,8.44%,8.39%,8.36%,8.34%,8.31%,8.28%,8.26%,8.22%,8.18%,8.14%,8.11%,8.09%,8.08%,8.05%,8.04%,8.03%,8.03%
Daily % Positive,,,,,39.58%,9.09%,68.18%,2.97%,8.73%,10.72%,10.99%,7.94%,7.93%,8.27%,9.19%,9.18%,9.77%,9.64%,10.40%,11.17%,11.80%,15.72%,16.35%,16.75%,18.68%,18.97%,20.18%,19.29%,24.17%,21.27%,23.14%,28.16%,23.61%,23.49%,24.87%,27.87%,29.85%,28.97%,32.04%,28.90%,24.70%,24.85%,23.13%,33.24%,22.64%,19.13%,22.75%,20.57%,19.72%,18.33%,21.43%,19.02%,21.55%,19.86%,16.83%,18.27%,16.67%,16.35%,16.27%,16.59%,17.22%,16.24%,17.80%,12.13%,11.75%,10.26%,11.27%,11.42%,12.36%,12.29%,10.67%,6.71%,9.38%,8.71%,8.58%,7.67%,9.55%,6.74%,8.42%,7.13%,7.41%,7.03%,7.20%,6.48%,5.33%,5.81%,5.43%,5.83%,5.75%,6.03%,5.29%,4.64%,5.90%,4.83%,4.88%,5.43%,5.34%,4.11%,3.30%,3.60%,3.44%,3.72%,4.00%,4.80%,4.63%,4.51%,4.53%,4.02%,4.32%,4.20%,4.89%,4.50%,4.97%,5.47%,5.04%,6.18%,4.81%,5.94%,4.85%,5.22%,5.93%,5.17%,5.33%,5.42%,5.94%,6.06%,4.56%,5.88%,4.65%,5.21%,6.55%,5.72%,5.36%,5.67%,6.48%,4.02%,6.80%,6.27%,5.73%,6.22%,5.79%,6.06%,5.59%,5.42%,5.73%,5.75%,5.34%,4.71%,5.71%,5.34%,5.20%,4.55%,5.03%,5.37%,4.60%,5.41%,4.85%,5.54%,4.97%,5.31%,5.01%,3.67%,6.00%,3.83%,4.27%,4.90%,5.94%,4.97%,4.34%,4.54%,3.86%,4.21%,4.66%,5.23%,5.38%,5.91%,4.65%,6.31%,7.99%,7.23%
# of Tests,,,,,48,66,22,472,229,345,473,1045,1299,1306,1796,2255,2826,5808,5106,4771,5450,4409,4624,5744,6482,7401,7915,7741,6083,7424,7260,7064,7417,7134,4737,4902,3839,3953,3886,5903,6592,4889,4098,3899,5105,7158,7029,6792,5658,4829,5666,5795,6482,6083,7928,5265,4949,5292,5458,6448,7681,6638,7276,4475,7122,6889,8326,8637,8004,5068,7705,9091,7956,11250,10095,9451,7643,7019,5358,10935,8439,9859,9441,7891,6676,10542,9419,9210,7702,11622,9557,7565,8354,8491,9577,12632,8667,8182,9797,10062,9739,11237,13150,10509,10018,10103,11255,12305,13393,14280,12690,11211,9907,11298,12617,13469,13871,10679,9877,8624,16778,16424,13497,18617,13683,11961,7190,15809,21366,14992,15749,13337,14652,12534,15850,15714,14140,19331,18382,12871,14487,18472,14921,15856,16935,15450,12247,12000,14960,13196,15526,16648,16158,14153,13073,15311,17512,17888,16695,15995,13179,10456,12247,14901,18544,14131,13411,12467,9818,12367,12973,14743,17905,16116,12461,8817,16544,12932,14518,12327
Δ of Tests,,,,,,18,-44,450,-243,116,128,572,254,7,490,459,571,2982,-702,-335,679,-1041,215,1120,738,919,514,-174,-1658,1341,-164,-196,353,-283,-2397,165,-1063,114,-67,2017,689,-1703,-791,-199,1206,2053,-129,-237,-1134,-829,837,129,687,-399,1845,-2663,-316,343,166,990,1233,-1043,638,-2801,2647,-233,1437,311,-633,-2936,2637,1386,-1135,3294,-1155,-644,-1808,-624,-1661,5577,-2496,1420,-418,-1550,-1215,3866,-1123,-209,-1508,3920,-2065,-1992,789,137,1086,3055,-3965,-485,1615,265,-323,1498,1913,-2641,-491,85,1152,1050,1088,887,-1590,-1479,-1304,1391,1319,852,402,-3192,-802,-1253,8154,-354,-2927,5120,-4934,-1722,-4771,8619,5557,-6374,757,-2412,1315,-2118,3316,-136,-1574,5191,-949,-5511,1616,3985,-3551,935,1079,-1485,-3203,-247,2960,-1764,2330,1122,-490,-2005,-1080,2238,2201,376,-1193,-700,-2816,-2723,1791,2654,3643,-4413,-720,-944,-2649,2549,606,1770,3162,-1789,-3655,-3644,7727,-3612,1586,-2191
,,,,,,,,,,,,,,,,,,,,,,,,,,,,,,,,,,,,,,,,,,,,,,,,,,,,,,,,,,,,,,,,,,,,,,,,,,,,,,,,,,,,,,,,,,,,,,,,,,,,,,,,,,,,,,,,,,,,,,,,,,,,,,,,,,,,,,,,,,,,,,,,,,,,,,,,,,,,,,,,,,,,,,,,,,,,,,,,,,,,
ALLEGHENY,,,,,,,,,,,,,,,,,,,,,,,,,,,,,,,,,,,,,,,,,,,,,,,,,,,,,,,,,,,,,,,,,,,,,,,,,,,,,,,,,,,,,,,,,,,,,,,,,,,,,,,,,,,,,,,,,,,,,,,,,,,,,,,,,,,,,,,,,,,,,,,,,,,,,,,,,,,,,,,,,,,,,,,,,,,,,,,,,,,,
Deaths,,,,,,,,,,,,0,1,1,1,2,2,2,2,2,2,2,2,2,2,2,3,3,4,6,10,12,18,19,19,21,24,26,38,43,47,50,55,67,74,69,71,73,73,79,87,86,94,99,102,102,102,109,111,117,119,120,122,123,127,139,139,141,143,143,143,144,144,144,146,150,150,150,150,151,151,151,151,151,151,152,152,165,168,168,168,168,169,172,173,173,173,173,173,174,177,177,177,178,178,178,179,184,184,186,186,186,186,186,187,187,187,187,187,188,194,196,196,197,198,198,198,199,204,205,206,207,208,208,209,217,219,221,222,222,222,229,234,235,239,240,242,242,243,248,251,257,258,259,259,260,273,278,284,284,288,290,291,297,298,304,306,306,306,309,317,318,325,330,330,330,334,343,344,349
Hospitalizations,,,,,,,,,,,,5,5,4,6,6,13,20,25,31,35,38,51,61,70,78,86,87,92,101,113,117,124,130,130,134,142,146,162,176,178,180,180,188,196,204,208,211,213,213,222,228,236,235,237,238,240,244,247,254,259,273,273,274,280,285,283,290,292,292,294,304,310,313,314,317,318,319,319,324,331,336,340,340,340,344,345,347,349,350,350,351,351,352,354,355,357,357,357,357,358,361,361,362,364,365,370,372,378,379,381,382,386,393,397,401,406,408,412,416,423,431,443,450,456,464,470,477,478,490,507,507,508,512,520,536,551,573,577,581,583,603,613,636,669,681,685,686,692,701,713,721,730,734,735,737,738,755,766,777,798,870,887,911,911,915,922,925,926,933,938,957,962,963,966,969,975,985,999,1000
Positive Tests,,,,,,,,,,,,,,,,,,,,,,,,,,,,,,,720,759,788,836,857,876,893,904,925,947,1009,1035,1042,1059,1088,1149,1177,1198,1211,1224,1235,1273,1289,1319,1333,1345,1365,1375,1394,1439,1455,1486,1503,1511,1526,1545,1551,1582,1595,1603,1641,1658,1687,1718,1739,1753,1777,1805,1816,1828,1851,1870,1897,1911,1919,1928,1952,1965,1973,1989,2003,2008,2027,2034,2055,2065,2076,2079,2086,2113,2113,2122,2138,2158,2175,2220,2239,2284,2321,2382,2472,2568,2651,2760,2870,3103,3280,3430,3557,3775,3979,4209,4367,4547,4762,4962,5033,5364,5610,5750,5990,6125,6263,6435,6574,6670,6817,7015,7161,7294,7474,7593,7718,7850,8094,8160,8242,8310,8442,8512,8612,8709,8796,8857,8932,9008,9078,9192,9282,9359,9433,9504,9549,9576,9676,9756,9817,9903,9932,9990,10004,10065,10128,10211,10310,10347,10376,10444,10549,10641
Negative Tests,,,,,,,,,,,,,,,,,,,,,,,,,,,,,,,7575,7914,8294,8873,9199,9469,9586,9785,9947,10199,10868,11160,11341,11595,11933,12606,13181,13943,14380,14747,14980,15399,15790,16082,16622,16827,17137,17498,17869,18275,18786,19215,19464,19604,19962,20530,20994,21532,22001,22144,22725,23390,24060,24861,25379,26043,26313,27034,27043,28023,28813,29393,29974,30331,30714,31159,32329,33071,33471,34206,35052,35583,35984,36577,38599,39418,40008,40368,40654,41507,42560,43286,44031,44593,44979,45657,46061,47148,48055,49004,50299,51499,52243,53189,54277,56062,57613,59012,59982,61639,63782,65693,67179,68994,70636,72318,72942,77223,79801,80811,82683,83874,85571,87527,88875,90341,91499,93782,95367,97164,98825,100488,102064,103674,105774,107142,108131,109002,110592,111789,113247,115047,116366,117308,118397,119202,120857,122533,123630,124731,126038,126960,127649,128553,130068,131331,132207,133581,134149,135097,136216,137251,138703,140090,141112,141734,142632,143749,144906,145901
Total Tests,,,,,,,,,,,,,,,,,,,,,,,,,,,,,,,8295,8673,9082,9709,10056,10345,10479,10689,10872,11142,11877,12195,12383,12654,13021,13755,14358,15141,15591,15971,16215,16672,17079,17401,17955,18172,18502,18873,19263,19714,20241,20701,20967,21115,21488,22075,22545,23114,23596,23747,24366,25048,25747,26579,27118,27796,28090,28839,28859,29851,30664,31263,31871,32242,32633,33087,34281,35036,35444,36195,37055,37591,38011,38611,40654,41483,42084,42447,42740,43620,44673,45408,46169,46751,47154,47877,48300,49432,50376,51386,52771,54067,54894,55949,57147,59165,60893,62442,63539,65414,67761,69902,71546,73541,75398,77280,77975,82587,85411,86561,88673,89999,91834,93962,95449,97011,98316,100797,102528,104458,106299,108081,109782,111524,113868,115302,116373,117312,119034,120301,121859,123756,125162,126165,127329,128210,129935,131725,132912,134090,135471,136464,137198,138129,139744,141087,142024,143484,144081,145087,146220,147316,148831,150301,151422,152081,153008,154193,155455,156542
Cum. % Positive,,,,,,,,,,,,,,,,,,,,,,,,,,,,,,,8.68%,8.75%,8.68%,8.61%,8.52%,8.47%,8.52%,8.46%,8.51%,8.50%,8.50%,8.49%,8.41%,8.37%,8.36%,8.35%,8.20%,7.91%,7.77%,7.66%,7.62%,7.64%,7.55%,7.58%,7.42%,7.40%,7.38%,7.29%,7.24%,7.30%,7.19%,7.18%,7.17%,7.16%,7.10%,7.00%,6.88%,6.84%,6.76%,6.75%,6.73%,6.62%,6.55%,6.46%,6.41%,6.31%,6.33%,6.26%,6.29%,6.12%,6.04%,5.98%,5.95%,5.93%,5.88%,5.83%,5.69%,5.61%,5.57%,5.50%,5.41%,5.34%,5.33%,5.27%,5.05%,4.98%,4.93%,4.90%,4.88%,4.84%,4.73%,4.67%,4.63%,4.62%,4.61%,4.64%,4.64%,4.62%,4.61%,4.64%,4.68%,4.75%,4.83%,4.93%,5.02%,5.24%,5.39%,5.49%,5.60%,5.77%,5.87%,6.02%,6.10%,6.18%,6.32%,6.42%,6.45%,6.49%,6.57%,6.64%,6.76%,6.81%,6.82%,6.85%,6.89%,6.88%,6.93%,6.96%,6.98%,6.98%,7.03%,7.03%,7.03%,7.04%,7.11%,7.08%,7.08%,7.08%,7.09%,7.08%,7.07%,7.04%,7.03%,7.02%,7.01%,7.03%,6.99%,6.98%,6.98%,6.98%,6.96%,6.96%,6.96%,6.93%,6.92%,6.91%,6.91%,6.90%,6.89%,6.89%,6.84%,6.83%,6.81%,6.79%,6.81%,6.80%,6.78%,6.77%,6.79%,6.80%
Daily % Positive,,,,,,,,,,,,,,,,,,,,,,,,,,,,,,,,10.32%,7.09%,7.66%,6.05%,6.57%,12.69%,5.24%,11.48%,8.15%,8.44%,8.18%,3.72%,6.27%,7.90%,8.31%,4.64%,2.68%,2.89%,3.42%,4.51%,8.32%,3.93%,9.32%,2.53%,5.53%,6.06%,2.70%,4.87%,9.98%,3.04%,6.74%,6.39%,5.41%,4.02%,3.24%,1.28%,5.45%,2.70%,5.30%,6.14%,2.49%,4.15%,3.73%,3.90%,2.06%,8.16%,3.74%,55.00%,1.21%,2.83%,3.17%,4.44%,3.77%,2.05%,1.98%,2.01%,1.72%,1.96%,2.13%,1.63%,0.93%,4.52%,1.17%,1.03%,1.21%,1.83%,0.83%,2.39%,3.07%,0.00%,1.22%,2.10%,3.44%,4.22%,6.22%,4.49%,3.98%,3.92%,6.04%,6.50%,7.41%,10.04%,10.33%,9.18%,11.55%,10.24%,9.68%,11.58%,11.63%,8.69%,10.74%,9.61%,9.02%,11.58%,10.63%,10.22%,7.18%,8.71%,12.17%,11.36%,10.18%,7.52%,8.08%,9.35%,6.15%,11.26%,7.98%,8.43%,6.89%,9.78%,6.68%,7.35%,7.58%,10.41%,4.60%,7.66%,7.24%,7.67%,5.52%,6.42%,5.11%,6.19%,6.08%,6.44%,8.63%,4.06%,6.37%,7.58%,6.54%,5.36%,7.15%,6.13%,2.90%,6.19%,5.96%,6.51%,5.89%,4.86%,5.77%,1.24%,5.57%,4.16%,5.65%,8.83%,5.61%,3.13%,5.74%,8.32%,8.46%
Daily % Pos Avg,,,,,,,,,,,,,,,,,,,,,,,,,,,,,,,,,,,,,,7.19%,7.65%,7.75%,8.35%,8.59%,7.83%,7.89%,7.58%,7.73%,6.77%,5.53%,5.27%,4.97%,4.60%,4.25%,4.12%,5.35%,5.16%,5.50%,5.68%,4.63%,4.81%,5.19%,5.34%,5.58%,5.60%,6.07%,5.93%,4.49%,4.17%,3.98%,3.50%,3.50%,4.00%,3.80%,4.25%,3.92%,4.09%,3.70%,3.65%,3.88%,4.15%,3.36%,3.16%,3.37%,3.17%,3.11%,2.73%,3.09%,2.79%,2.52%,2.13%,1.97%,1.90%,1.78%,2.01%,1.93%,1.57%,1.44%,1.45%,1.46%,1.25%,1.58%,1.44%,1.45%,1.52%,1.84%,2.02%,2.51%,3.47%,4.03%,4.35%,4.83%,5.29%,5.62%,6.25%,7.30%,8.11%,9.27%,9.95%,10.29%,10.48%,10.72%,10.45%,10.30%,10.20%,10.06%,10.16%,10.00%,10.32%,9.11%,8.97%,9.24%,9.25%,9.14%,8.88%,9.42%,9.60%,8.80%,8.58%,8.24%,8.40%,8.18%,8.29%,8.34%,7.86%,7.78%,8.23%,7.99%,7.62%,7.77%,7.83%,7.54%,6.48%,6.49%,6.30%,6.18%,5.91%,6.27%,5.77%,6.06%,6.27%,6.33%,6.15%,6.01%,6.48%,6.00%,5.77%,5.67%,5.86%,5.68%,5.56%,5.95%,5.06%,4.96%,4.57%,4.52%,5.15%,5.10%,5.48%,5.51%,6.36%,6.89%
# of Tests,,,,,,,,,,,,,,,,,,,,,,,,,,,,,,,,378,409,627,347,289,134,210,183,270,735,318,188,271,367,734,603,783,450,380,244,457,407,322,554,217,330,371,390,451,527,460,266,148,373,587,470,569,482,151,619,682,699,832,539,678,294,749,20,992,813,599,608,371,391,454,1194,755,408,751,860,536,420,600,2043,829,601,363,293,880,1053,735,761,582,403,723,423,1132,944,1010,1385,1296,827,1055,1198,2018,1728,1549,1097,1875,2347,2141,1644,1995,1857,1882,695,4612,2824,1150,2112,1326,1835,2128,1487,1562,1305,2481,1731,1930,1841,1782,1701,1742,2344,1434,1071,939,1722,1267,1558,1897,1406,1003,1164,881,1725,1790,1187,1178,1381,993,734,931,1615,1343,937,1460,597,1006,1133,1096,1515,1470,1121,659,927,1185,1262,1087
Δ of Tests,,,,,,,,,,,,,,,,,,,,,,,,,,,,,,,,,31,218,-280,-58,-155,76,-27,87,465,-417,-130,83,96,367,-131,180,-333,-70,-136,213,-50,-85,232,-337,113,41,19,61,76,-67,-194,-118,225,214,-117,99,-87,-331,468,63,17,133,-293,139,-384,455,-729,972,-179,-214,9,-237,20,63,740,-439,-347,343,109,-324,-116,180,1443,-1214,-228,-238,-70,587,173,-318,26,-179,-179,320,-300,709,-188,66,375,-89,-469,228,143,820,-290,-179,-452,778,472,-206,-497,351,-138,25,-1187,3917,-1788,-1674,962,-786,509,293,-641,75,-257,1176,-750,199,-89,-59,-81,41,602,-910,-363,-132,783,-455,291,339,-491,-403,161,-283,844,65,-603,-9,203,-388,-259,197,684,-272,-406,523,-863,409,127,-37,419,-45,-349,-462,268,258,77,-175
ICU,,,,,,,,,,,,,,,,,,,,,,,,,,,,,,,43,45,49,48,50,50,53,55,57,63,66,67,69,76,76,80,82,83,83,83,87,87,99,99,101,101,101,106,106,106,106,116,116,116,117,117,117,117,120,120,121,121,125,125,125,125,126,126,126,126,127,130,131,131,131,131,131,132,133,133,133,133,133,134,135,137,141,143,143,144,144,144,144,144,144,145,145,146,147,148,148,148,148,160,160,161,161,162,162,162,163,164,168,168,168,169,169,169,170,170,170,174,174,176,176,177,180,183,183,184,187,190,194,202,205,207,207,207,208,208,211,211,211,215,216,216,220,225,225,225,229,229,230,234,235,239,241,249,255,255,254,258,259,260,261,264,266,266,267,
Ventilator,,,,,,,,,,,,,,,,,,,,,,,,,,,,,,,22,22,26,25,27,27,28,30,32,38,41,42,42,46,47,49,50,50,50,50,52,52,60,60,61,61,61,62,62,62,62,66,66,66,67,67,67,67,67,67,67,67,67,67,67,67,67,67,67,67,67,67,67,67,67,68,68,68,69,69,69,69,69,69,69,69,70,70,70,70,70,70,70,70,70,70,70,72,72,73,73,73,73,77,77,77,77,77,77,77,78,78,79,79,79,79,79,79,79,79,79,81,81,81,82,82,83,84,84,84,84,84,85,85,86,87,87,87,87,87,88,88,88,89,89,89,90,90,90,90,90,90,90,91,91,91,93,98,99,99,99,101,101,101,101,101,101,101,102,
New Deaths,,,,,,,,,,,,,1,0,0,1,0,0,0,0,0,0,0,0,0,0,1,0,1,2,4,2,6,1,0,2,3,2,12,5,4,3,5,12,7,-5,2,2,0,6,8,-1,8,5,3,0,0,7,2,6,2,1,2,1,4,12,0,2,2,0,0,1,0,0,2,4,0,0,0,1,0,0,0,0,0,1,0,13,3,0,0,0,1,3,1,0,0,0,0,1,3,0,0,1,0,0,1,5,0,2,0,0,0,0,1,0,0,0,0,1,6,2,0,1,1,0,0,1,5,1,1,1,1,0,1,8,2,2,1,0,0,7,5,1,4,1,2,0,1,5,3,6,1,1,0,1,13,5,6,0,4,2,1,6,1,6,2,0,0,3,8,1,7,5,0,0,4,9,1,5
New Hospital,,,,,,,,,,,,,0,-1,2,0,7,7,5,6,4,3,13,10,9,8,8,1,5,9,12,4,7,6,0,4,8,4,16,14,2,2,0,8,8,8,4,3,2,0,9,6,8,-1,2,1,2,4,3,7,5,14,0,1,6,5,-2,7,2,0,2,10,6,3,1,3,1,1,0,5,7,5,4,0,0,4,1,2,2,1,0,1,0,1,2,1,2,0,0,0,1,3,0,1,2,1,5,2,6,1,2,1,4,7,4,4,5,2,4,4,7,8,12,7,6,8,6,7,1,12,17,0,1,4,8,16,15,22,4,4,2,20,10,23,33,12,4,1,6,9,12,8,9,4,1,2,1,17,11,11,21,72,17,24,0,4,7,3,1,7,5,19,5,1,3,3,6,10,14,1
Case/Hospital,,,,,,,,,,,,,,,,,,,46.51%,50.98%,40.26%,27.35%,34.62%,25.53%,22.22%,21.90%,20.60%,19.40%,18.88%,15.72%,15.62%,13.82%,13.07%,12.09%,11.81%,12.35%,13.14%,11.62%,17.86%,22.22%,23.53%,27.17%,27.71%,28.93%,28.90%,23.60%,19.28%,19.88%,17.93%,14.73%,14.78%,16.93%,18.18%,14.84%,14.77%,13.51%,19.29%,15.49%,14.07%,13.43%,17.02%,25.71%,28.93%,22.67%,26.47%,24.84%,18.35%,21.23%,12.58%,12.58%,17.86%,18.90%,22.94%,30.00%,18.46%,18.94%,18.31%,14.97%,9.55%,8.86%,10.34%,13.41%,14.56%,15.60%,15.79%,19.08%,14.58%,11.94%,11.40%,8.93%,8.06%,9.65%,6.80%,7.61%,7.61%,6.74%,7.07%,8.54%,6.67%,6.52%,6.90%,9.21%,7.69%,5.81%,8.86%,11.94%,17.57%,16.87%,17.71%,13.43%,15.08%,10.53%,10.55%,9.47%,7.99%,5.85%,6.26%,5.18%,5.12%,3.84%,3.34%,3.55%,4.25%,3.91%,3.94%,3.88%,4.27%,4.26%,3.53%,3.35%,4.53%,3.68%,3.14%,3.04%,2.98%,4.26%,4.69%,4.71%,5.79%,6.89%,6.65%,8.10%,7.43%,8.24%,9.24%,10.21%,9.92%,9.97%,8.25%,8.81%,8.12%,6.22%,5.77%,6.17%,6.43%,7.32%,5.82%,6.83%,7.23%,8.30%,11.31%,23.28%,26.18%,30.73%,27.08%,26.05%,26.80%,25.50%,11.57%,9.70%,5.90%,9.79%,10.98%,9.30%,9.58%,11.05%,11.29%,11.93%,10.32%,9.16%
,,,,,,,,,,,,,,,,,,,,,,,,,,,,,,,,,,,,,,,,,,,,,,,,,,,,,,,,,,,,,,,,,,,,,,,,,,,,,,,,,,,,,,,,,,,,,,,,,,,,,,,,,,,,,,,,,,,,,,,,,,,,,,,,,,,,,,,,,,,,,,,,,,,,,,,,,,,,,,,,,,,,,,,,,,,,,,,,,,,,
Allegheny Ages,,,,,,,,,,,,,,,,,,,,,,,,,,,,,,,,,,,,,,,,,,,,,,,,,,,,,,,,,,,,,,,,,,,,,,,,,,,,,,,,,,,,,,,,,,,,,,,,,,,,,,,,,,,,,,,,,,,,,,,,,,,,,,,,,,,,,,,,,,,,,,,,,,,,,,,,,,,,,,,,,,,,,,,,,,,,,,,,,,,,
TOTAL CASES,,,,,,,,,,,,,,,,,,,,,,,,,,,,,,,,,,,,,,,,,,,,,,,,,,,,,,,,,,,,,,,,,,,,,,,,,,,,,,,,,,,,,,,,,,,,,,,,,,,,,,,,,,,,,,,,,,,,,,,,,,,,,,,,,,,,,,,,,,,,,,,,,,,,,,,,,,,,,,,,,,,,,,,,,,,,,,,,,,,,
00-04,,,,,,,,,,,,,,,,,,,1,1,1,1,1,1,2,2,2,3,3,3,2,2,2,2,2,2,2,2,2,2,2,2,2,2,2,4,4,4,4,4,4,4,4,4,4,4,4,4,4,4,4,4,4,4,4,4,4,5,5,5,6,6,6,7,9,11,11,13,13,13,12,12,12,12,12,12,12,12,12,13,13,13,13,13,14,14,14,14,14,14,15,15,16,16,16,19,20,20,20,20,20,21,21,21,23,24,25,26,29,31,35,38,39,40,42,47,47,57,61,63,69,71,74,77,79,81,81,83,86,87,89,91,95,98,101,103,104,104,107,108,110,111,111,111,111,111,111,112,113,114,116,118,118,119,122,125,127,129,129,129,129,129,131,132,134,135,136,137,139,140
05-12,,,,,,,,,,,,,,,,,,,1,1,1,1,1,2,2,4,4,4,4,4,4,4,4,4,4,4,4,4,4,4,4,4,4,4,4,4,4,4,4,4,4,4,4,4,4,4,5,5,5,5,5,5,5,5,5,5,5,5,5,5,5,6,6,8,8,8,9,9,9,10,12,13,18,18,18,17,17,17,17,17,17,18,18,18,19,19,19,19,19,22,22,23,23,23,23,27,28,28,28,28,29,31,33,35,38,42,46,48,48,48,52,56,64,66,70,72,74,86,89,93,98,101,103,106,107,107,112,117,122,123,129,130,135,135,137,138,139,141,153,156,159,161,162,162,163,164,166,169,171,171,174,177,177,177,183,183,186,186,186,187,187,187,190,190,190,192,192,194,199,204
13-18,,,,,,,,,,,,,,,,,,,3,5,5,5,5,5,6,7,8,9,9,9,9,9,9,10,10,10,10,10,10,10,10,10,10,10,10,10,10,10,10,10,10,10,10,10,10,10,12,12,13,13,13,13,13,13,13,13,13,14,14,14,17,17,19,19,19,19,19,23,25,25,23,24,24,26,26,25,27,26,27,27,28,28,28,29,31,32,33,35,36,35,35,36,36,36,37,38,38,39,41,42,46,50,54,56,58,64,72,76,80,91,97,105,110,119,130,140,144,162,175,184,193,196,208,218,226,234,246,264,275,281,290,299,304,323,335,341,345,352,366,371,380,389,396,403,412,419,429,446,455,463,469,476,477,479,483,495,499,509,511,516,515,519,524,533,547,551,559,562,571,582
19-24,,,,,,,,,,,,,,,,,,,22,25,28,30,33,33,38,42,49,56,56,58,58,61,66,66,66,72,72,72,73,74,76,78,77,77,80,81,81,81,81,81,82,88,90,92,92,92,92,93,94,96,102,103,103,103,103,103,103,103,104,104,105,107,110,112,111,112,112,114,114,115,116,117,118,121,122,122,125,127,129,131,130,132,133,134,135,136,136,136,136,136,137,139,144,148,152,163,165,175,183,206,244,277,309,354,385,452,510,568,602,649,701,756,791,821,856,888,894,952,983,1006,1044,1059,1075,1093,1116,1126,1151,1166,1188,1195,1214,1225,1240,1255,1275,1286,1296,1303,1323,1335,1339,1354,1364,1374,1384,1393,1395,1406,1420,1428,1436,1439,1443,1449,1461,1467,1481,1490,1494,1501,1504,1516,1524,1548,1560,1568,1574,1586,1612,1618
25-49,,,,,,,,,,,,,,,,,,,66,100,120,128,140,146,182,203,237,263,274,286,294,306,316,331,338,341,342,344,348,351,362,368,371,373,377,401,409,416,421,424,423,439,446,459,462,468,472,477,483,491,492,501,509,510,515,520,523,525,527,529,543,548,558,568,580,584,591,600,606,610,621,626,631,635,637,640,647,655,660,666,675,676,679,680,692,696,701,702,706,707,709,711,718,728,738,759,770,788,806,832,863,898,928,977,1023,1136,1212,1269,1330,1446,1540,1641,1711,1799,1909,2002,2036,2188,2313,2375,2481,2531,2591,2667,2714,2756,2805,2885,2932,2979,3044,3079,3113,3164,3242,3263,3296,3333,3383,3409,3433,3477,3503,3515,3536,3558,3585,3612,3646,3669,3693,3706,3728,3737,3768,3792,3807,3828,3839,3865,3872,3884,3905,3929,3955,3961,3971,3989,4027,4053
50-64,,,,,,,,,,,,,,,,,,,41,57,74,81,92,105,116,132,151,164,180,191,203,215,221,237,241,245,249,250,257,264,280,291,293,297,305,323,333,340,343,347,353,360,362,370,377,382,388,389,392,403,409,421,426,431,435,436,436,442,444,446,453,458,464,472,473,477,482,488,491,494,496,499,507,508,510,514,523,527,526,527,531,531,537,538,541,543,546,546,547,549,548,551,552,557,558,564,565,573,577,586,596,609,620,626,644,670,688,704,718,745,768,800,824,862,895,930,946,998,1039,1065,1110,1131,1159,1192,1225,1248,1274,1321,1350,1381,1422,1449,1476,1506,1540,1557,1582,1590,1606,1616,1639,1655,1677,1695,1715,1734,1750,1776,1799,1811,1831,1849,1857,1859,1880,1896,1908,1927,1931,1941,1944,1958,1969,1980,2000,2005,2003,2017,2027,2044
65+,,,,,,,,,,,,,,,,,,,24,30,36,44,53,64,73,86,101,106,116,138,150,162,170,186,195,201,213,222,231,242,275,282,285,296,310,326,336,343,348,354,359,368,373,380,384,385,392,395,403,427,430,439,443,445,451,464,467,488,496,500,512,516,524,532,539,542,553,558,558,561,571,579,587,591,594,598,601,601,602,608,609,610,619,622,623,625,627,627,628,650,647,647,649,650,651,650,653,661,666,668,674,682,686,691,699,715,727,739,750,765,786,813,828,840,860,883,892,921,950,964,995,1036,1053,1082,1107,1118,1148,1179,1208,1248,1286,1320,1355,1369,1464,1472,1480,1487,1504,1517,1552,1562,1583,1597,1611,1629,1642,1671,1678,1703,1714,1739,1749,1756,1779,1798,1809,1834,1842,1851,1853,1872,1885,1899,1924,1935,1941,1959,1974,2000
,,,,,,,,,,,,,,,,,,,,,,,,,,,,,,,,,,,,,,,,,,,,,,,,,,,,,,,,,,,,,,,,,,,,,,,,,,,,,,,,,,,,,,,,,,,,,,,,,,,,,,,,,,,,,,,,,,,,,,,,,,,,,,,,,,,,,,,,,,,,,,,,,,,,,,,,,,,,,,,,,,,,,,,,,,,,,,,,,,,,
NEW CASES,,,,,,,,,,,,,,,,,,,,,,,,,,,,,,,,,,,,,,,,,,,,,,,,,,,,,,,,,,,,,,,,,,,,,,,,,,,,,,,,,,,,,,,,,,,,,,,,,,,,,,,,,,,,,,,,,,,,,,,,,,,,,,,,,,,,,,,,,,,,,,,,,,,,,,,,,,,,,,,,,,,,,,,,,,,,,,,,,,,,
00-04,,,,,,,,,,,,,,,,,,,,0,0,0,0,0,1,0,0,1,0,0,-1,0,0,0,0,0,0,0,0,0,0,0,0,0,0,2,0,0,0,0,0,0,0,0,0,0,0,0,0,0,0,0,0,0,0,0,0,1,0,0,1,0,0,1,2,2,0,2,0,0,-1,0,0,0,0,0,0,0,0,1,0,0,0,0,1,0,0,0,0,0,1,0,1,0,0,3,1,0,0,0,0,1,0,0,2,1,1,1,3,2,4,3,1,1,2,5,0,10,4,2,6,2,3,3,2,2,0,2,3,1,2,2,4,3,3,2,1,0,3,1,2,1,0,0,0,0,0,1,1,1,2,2,0,1,3,3,2,2,0,0,0,0,2,1,2,1,1,1,2,1
05-12,,,,,,,,,,,,,,,,,,,,0,0,0,0,1,0,2,0,0,0,0,0,0,0,0,0,0,0,0,0,0,0,0,0,0,0,0,0,0,0,0,0,0,0,0,0,0,1,0,0,0,0,0,0,0,0,0,0,0,0,0,0,1,0,2,0,0,1,0,0,1,2,1,5,0,0,-1,0,0,0,0,0,1,0,0,1,0,0,0,0,3,0,1,0,0,0,4,1,0,0,0,1,2,2,2,3,4,4,2,0,0,4,4,8,2,4,2,2,12,3,4,5,3,2,3,1,0,5,5,5,1,6,1,5,0,2,1,1,2,12,3,3,2,1,0,1,1,2,3,2,0,3,3,0,0,6,0,3,0,0,1,0,0,3,0,0,2,0,2,5,5
13-18,,,,,,,,,,,,,,,,,,,,2,0,0,0,0,1,1,1,1,0,0,0,0,0,1,0,0,0,0,0,0,0,0,0,0,0,0,0,0,0,0,0,0,0,0,0,0,2,0,1,0,0,0,0,0,0,0,0,1,0,0,3,0,2,0,0,0,0,4,2,0,-2,1,0,2,0,-1,2,-1,1,0,1,0,0,1,2,1,1,2,1,-1,0,1,0,0,1,1,0,1,2,1,4,4,4,2,2,6,8,4,4,11,6,8,5,9,11,10,4,18,13,9,9,3,12,10,8,8,12,18,11,6,9,9,5,19,12,6,4,7,14,5,9,9,7,7,9,7,10,17,9,8,6,7,1,2,4,12,4,10,2,5,-1,4,5,9,14,4,8,3,9,11
19-24,,,,,,,,,,,,,,,,,,,,3,3,2,3,0,5,4,7,7,0,2,0,3,5,0,0,6,0,0,1,1,2,2,-1,0,3,1,0,0,0,0,1,6,2,2,0,0,0,1,1,2,6,1,0,0,0,0,0,0,1,0,1,2,3,2,-1,1,0,2,0,1,1,1,1,3,1,0,3,2,2,2,-1,2,1,1,1,1,0,0,0,0,1,2,5,4,4,11,2,10,8,23,38,33,32,45,31,67,58,58,34,47,52,55,35,30,35,32,6,58,31,23,38,15,16,18,23,10,25,15,22,7,19,11,15,15,20,11,10,7,20,12,4,15,10,10,10,9,2,11,14,8,8,3,4,6,12,6,14,9,4,7,3,12,8,24,12,8,6,12,26,6
25-49,,,,,,,,,,,,,,,,,,,,34,20,8,12,6,36,21,34,26,11,12,8,12,10,15,7,3,1,2,4,3,11,6,3,2,4,24,8,7,5,3,-1,16,7,13,3,6,4,5,6,8,1,9,8,1,5,5,3,2,2,2,14,5,10,10,12,4,7,9,6,4,11,5,5,4,2,3,7,8,5,6,9,1,3,1,12,4,5,1,4,1,2,2,7,10,10,21,11,18,18,26,31,35,30,49,46,113,76,57,61,116,94,101,70,88,110,93,34,152,125,62,106,50,60,76,47,42,49,80,47,47,65,35,34,51,78,21,33,37,50,26,24,44,26,12,21,22,27,27,34,23,24,13,22,9,31,24,15,21,11,26,7,12,21,24,26,6,10,18,38,26
50-64,,,,,,,,,,,,,,,,,,,,16,17,7,11,13,11,16,19,13,16,11,12,12,6,16,4,4,4,1,7,7,16,11,2,4,8,18,10,7,3,4,6,7,2,8,7,5,6,1,3,11,6,12,5,5,4,1,0,6,2,2,7,5,6,8,1,4,5,6,3,3,2,3,8,1,2,4,9,4,-1,1,4,0,6,1,3,2,3,0,1,2,-1,3,1,5,1,6,1,8,4,9,10,13,11,6,18,26,18,16,14,27,23,32,24,38,33,35,16,52,41,26,45,21,28,33,33,23,26,47,29,31,41,27,27,30,34,17,25,8,16,10,23,16,22,18,20,19,16,26,23,12,20,18,8,2,21,16,12,19,4,10,3,14,11,11,20,5,-2,14,10,17
65+,,,,,,,,,,,,,,,,,,,,6,6,8,9,11,9,13,15,5,10,22,12,12,8,16,9,6,12,9,9,11,33,7,3,11,14,16,10,7,5,6,5,9,5,7,4,1,7,3,8,24,3,9,4,2,6,13,3,21,8,4,12,4,8,8,7,3,11,5,0,3,10,8,8,4,3,4,3,0,1,6,1,1,9,3,1,2,2,0,1,22,-3,0,2,1,1,-1,3,8,5,2,6,8,4,5,8,16,12,12,11,15,21,27,15,12,20,23,9,29,29,14,31,41,17,29,25,11,30,31,29,40,38,34,35,14,95,8,8,7,17,13,35,10,21,14,14,18,13,29,7,25,11,25,10,7,23,19,11,25,8,9,2,19,13,14,25,11,6,18,15,26
,,,,,,,,,,,,,,,,,,,,,,,,,,,,,,,,,,,,,,,,,,,,,,,,,,,,,,,,,,,,,,,,,,,,,,,,,,,,,,,,,,,,,,,,,,,,,,,,,,,,,,,,,,,,,,,,,,,,,,,,,,,,,,,,,,,,,,,,,,,,,,,,,,,,,,,,,,,,,,,,,,,,,,,,,,,,,,,,,,,,
% OF TOTAL,,,,,,,,,,,,,,,,,,,,,,,,,,,,,,,,,,,,,,,,,,,,,,,,,,,,,,,,,,,,,,,,,,,,,,,,,,,,,,,,,,,,,,,,,,,,,,,,,,,,,,,,,,,,,,,,,,,,,,,,,,,,,,,,,,,,,,,,,,,,,,,,,,,,,,,,,,,,,,,,,,,,,,,,,,,,,,,,,,,,
00-04,,,,,,,,,,,,,,,,,,,0.63%,0.46%,0.38%,0.34%,0.31%,0.28%,0.48%,0.42%,0.36%,0.50%,0.47%,0.44%,0.28%,0.26%,0.25%,0.24%,0.23%,0.23%,0.22%,0.22%,0.22%,0.21%,0.20%,0.19%,0.19%,0.19%,0.18%,0.35%,0.34%,0.33%,0.33%,0.33%,0.32%,0.31%,0.31%,0.30%,0.30%,0.30%,0.29%,0.29%,0.29%,0.28%,0.27%,0.27%,0.27%,0.26%,0.26%,0.26%,0.26%,0.32%,0.31%,0.31%,0.37%,0.36%,0.36%,0.41%,0.52%,0.63%,0.62%,0.72%,0.72%,0.71%,0.65%,0.64%,0.63%,0.63%,0.63%,0.62%,0.61%,0.61%,0.61%,0.65%,0.65%,0.65%,0.64%,0.64%,0.68%,0.68%,0.67%,0.67%,0.67%,0.66%,0.71%,0.71%,0.75%,0.74%,0.74%,0.86%,0.89%,0.88%,0.86%,0.84%,0.81%,0.82%,0.79%,0.76%,0.80%,0.77%,0.76%,0.76%,0.82%,0.82%,0.88%,0.90%,0.89%,0.88%,0.88%,0.95%,0.93%,1.06%,1.09%,1.10%,1.15%,1.16%,1.18%,1.20%,1.20%,1.21%,1.19%,1.18%,1.20%,1.19%,1.19%,1.20%,1.23%,1.25%,1.25%,1.26%,1.26%,1.25%,1.27%,1.27%,1.28%,1.27%,1.26%,1.25%,1.24%,1.23%,1.22%,1.22%,1.22%,1.22%,1.23%,1.24%,1.24%,1.24%,1.26%,1.28%,1.29%,1.30%,1.30%,1.29%,1.29%,1.28%,1.29%,1.29%,1.30%,1.30%,1.31%,1.31%,1.32%,1.32%
05-12,,,,,,,,,,,,,,,,,,,0.63%,0.46%,0.38%,0.34%,0.31%,0.56%,0.48%,0.84%,0.72%,0.66%,0.62%,0.58%,0.56%,0.53%,0.51%,0.48%,0.47%,0.46%,0.45%,0.44%,0.43%,0.42%,0.40%,0.39%,0.38%,0.38%,0.37%,0.35%,0.34%,0.33%,0.33%,0.33%,0.32%,0.31%,0.31%,0.30%,0.30%,0.30%,0.37%,0.36%,0.36%,0.35%,0.34%,0.34%,0.33%,0.33%,0.33%,0.32%,0.32%,0.32%,0.31%,0.31%,0.30%,0.36%,0.36%,0.47%,0.46%,0.46%,0.51%,0.50%,0.50%,0.55%,0.65%,0.70%,0.95%,0.94%,0.94%,0.88%,0.87%,0.87%,0.86%,0.85%,0.85%,0.90%,0.89%,0.88%,0.92%,0.92%,0.92%,0.91%,0.91%,1.04%,1.04%,1.08%,1.08%,1.07%,1.06%,1.22%,1.25%,1.23%,1.21%,1.18%,1.17%,1.21%,1.24%,1.27%,1.32%,1.35%,1.40%,1.40%,1.35%,1.27%,1.31%,1.33%,1.47%,1.45%,1.47%,1.45%,1.47%,1.60%,1.59%,1.62%,1.64%,1.65%,1.64%,1.65%,1.63%,1.60%,1.64%,1.67%,1.70%,1.69%,1.73%,1.71%,1.75%,1.72%,1.69%,1.69%,1.69%,1.70%,1.81%,1.83%,1.85%,1.85%,1.84%,1.83%,1.82%,1.82%,1.83%,1.84%,1.84%,1.83%,1.84%,1.86%,1.85%,1.85%,1.89%,1.88%,1.89%,1.88%,1.87%,1.87%,1.87%,1.86%,1.88%,1.86%,1.84%,1.86%,1.85%,1.86%,1.89%,1.92%
13-18,,,,,,,,,,,,,,,,,,,1.90%,2.28%,1.89%,1.72%,1.54%,1.40%,1.43%,1.47%,1.45%,1.49%,1.40%,1.31%,1.25%,1.19%,1.14%,1.20%,1.17%,1.14%,1.12%,1.11%,1.08%,1.06%,0.99%,0.97%,0.96%,0.94%,0.92%,0.87%,0.85%,0.83%,0.83%,0.82%,0.81%,0.79%,0.78%,0.76%,0.75%,0.74%,0.88%,0.87%,0.93%,0.90%,0.89%,0.87%,0.86%,0.86%,0.85%,0.84%,0.84%,0.88%,0.88%,0.87%,1.04%,1.03%,1.13%,1.11%,1.09%,1.08%,1.07%,1.27%,1.38%,1.37%,1.24%,1.28%,1.27%,1.36%,1.35%,1.30%,1.38%,1.32%,1.37%,1.36%,1.40%,1.39%,1.38%,1.43%,1.51%,1.55%,1.59%,1.68%,1.73%,1.66%,1.66%,1.70%,1.68%,1.67%,1.70%,1.71%,1.70%,1.71%,1.77%,1.76%,1.86%,1.95%,2.04%,2.03%,2.02%,2.06%,2.20%,2.22%,2.25%,2.41%,2.44%,2.49%,2.52%,2.62%,2.73%,2.82%,2.86%,3.02%,3.12%,3.20%,3.22%,3.20%,3.32%,3.39%,3.44%,3.51%,3.61%,3.76%,3.84%,3.85%,3.88%,3.94%,3.94%,4.11%,4.14%,4.18%,4.19%,4.24%,4.34%,4.36%,4.41%,4.47%,4.50%,4.55%,4.61%,4.65%,4.73%,4.85%,4.90%,4.95%,4.97%,5.01%,5.00%,5.00%,4.99%,5.07%,5.08%,5.14%,5.14%,5.17%,5.15%,5.16%,5.17%,5.22%,5.31%,5.33%,5.39%,5.38%,5.41%,5.47%
19-24,,,,,,,,,,,,,,,,,,,13.92%,11.42%,10.57%,10.34%,10.15%,9.27%,9.07%,8.82%,8.88%,9.26%,8.72%,8.42%,8.06%,8.04%,8.38%,7.89%,7.71%,8.23%,8.07%,7.96%,7.89%,7.81%,7.53%,7.54%,7.39%,7.27%,7.35%,7.05%,6.88%,6.76%,6.69%,6.62%,6.64%,6.91%,6.98%,6.97%,6.90%,6.84%,6.74%,6.76%,6.74%,6.67%,7.01%,6.93%,6.85%,6.82%,6.75%,6.67%,6.64%,6.51%,6.52%,6.49%,6.40%,6.45%,6.52%,6.52%,6.38%,6.39%,6.30%,6.32%,6.28%,6.29%,6.27%,6.26%,6.22%,6.33%,6.36%,6.33%,6.40%,6.46%,6.54%,6.59%,6.49%,6.57%,6.56%,6.59%,6.57%,6.59%,6.55%,6.54%,6.52%,6.44%,6.48%,6.55%,6.74%,6.86%,6.99%,7.34%,7.37%,7.66%,7.88%,8.65%,9.87%,10.79%,11.66%,12.83%,13.41%,14.57%,15.55%,16.56%,16.92%,17.19%,17.62%,17.96%,18.11%,18.06%,17.98%,17.90%,17.76%,17.75%,17.52%,17.50%,17.43%,17.29%,17.16%,16.99%,16.98%,16.88%,16.88%,16.62%,16.59%,16.38%,16.24%,16.13%,16.07%,15.99%,15.75%,15.76%,15.72%,15.68%,15.67%,15.68%,15.55%,15.55%,15.51%,15.51%,15.49%,15.46%,15.37%,15.30%,15.30%,15.26%,15.22%,15.14%,15.11%,15.13%,15.10%,15.04%,15.09%,15.05%,15.04%,15.03%,15.03%,15.06%,15.05%,15.16%,15.13%,15.15%,15.17%,15.19%,15.28%,15.21%
25-49,,,,,,,,,,,,,,,,,,,41.77%,45.66%,45.28%,44.14%,43.08%,41.01%,43.44%,42.65%,42.93%,43.47%,42.68%,41.51%,40.83%,40.32%,40.10%,39.59%,39.49%,38.97%,38.34%,38.05%,37.62%,37.06%,35.88%,35.56%,35.60%,35.22%,34.65%,34.90%,34.75%,34.72%,34.76%,34.64%,34.25%,34.49%,34.60%,34.80%,34.66%,34.80%,34.58%,34.69%,34.65%,34.12%,33.81%,33.71%,33.87%,33.75%,33.75%,33.66%,33.72%,33.19%,33.04%,33.00%,33.09%,33.05%,33.08%,33.06%,33.35%,33.31%,33.26%,33.24%,33.37%,33.37%,33.55%,33.48%,33.26%,33.23%,33.19%,33.20%,33.15%,33.33%,33.45%,33.48%,33.70%,33.67%,33.50%,33.43%,33.67%,33.70%,33.77%,33.77%,33.84%,33.46%,33.55%,33.51%,33.58%,33.73%,33.93%,34.19%,34.39%,34.50%,34.73%,34.93%,34.91%,34.97%,35.01%,35.40%,35.64%,36.61%,36.95%,37.00%,37.39%,38.30%,38.70%,38.99%,39.18%,39.56%,40.09%,40.35%,40.45%,40.79%,41.23%,41.30%,41.42%,41.32%,41.37%,41.45%,41.28%,41.32%,41.15%,41.13%,40.94%,40.84%,40.73%,40.55%,40.33%,40.31%,40.05%,39.99%,39.99%,40.11%,40.07%,40.05%,39.86%,39.92%,39.82%,39.69%,39.59%,39.50%,39.49%,39.30%,39.28%,39.20%,39.15%,38.99%,39.04%,39.02%,38.94%,38.87%,38.78%,38.65%,38.65%,38.69%,38.70%,38.59%,38.56%,38.48%,38.36%,38.28%,38.27%,38.19%,38.17%,38.09%
50-64,,,,,,,,,,,,,,,,,,,25.95%,26.03%,27.92%,27.93%,28.31%,29.49%,27.68%,27.73%,27.36%,27.11%,28.04%,27.72%,28.19%,28.33%,28.05%,28.35%,28.15%,28.00%,27.91%,27.65%,27.78%,27.88%,27.75%,28.12%,28.12%,28.05%,28.03%,28.11%,28.29%,28.38%,28.32%,28.35%,28.58%,28.28%,28.08%,28.05%,28.28%,28.40%,28.42%,28.29%,28.12%,28.01%,28.11%,28.33%,28.34%,28.52%,28.51%,28.22%,28.11%,27.94%,27.84%,27.82%,27.61%,27.62%,27.50%,27.47%,27.20%,27.21%,27.12%,27.04%,27.04%,27.02%,26.80%,26.68%,26.73%,26.58%,26.58%,26.66%,26.79%,26.82%,26.66%,26.50%,26.51%,26.44%,26.49%,26.45%,26.33%,26.30%,26.30%,26.26%,26.22%,25.98%,25.93%,25.97%,25.82%,25.81%,25.66%,25.41%,25.23%,25.09%,24.86%,24.60%,24.11%,23.71%,23.39%,22.68%,22.44%,21.59%,20.98%,20.52%,20.19%,19.74%,19.30%,19.01%,18.87%,18.96%,18.79%,18.74%,18.80%,18.61%,18.52%,18.52%,18.53%,18.47%,18.51%,18.52%,18.63%,18.71%,18.69%,18.83%,18.85%,18.93%,19.03%,19.08%,19.12%,19.18%,19.03%,19.08%,19.19%,19.13%,19.02%,18.98%,19.03%,19.00%,19.07%,19.14%,19.20%,19.25%,19.28%,19.32%,19.38%,19.35%,19.41%,19.45%,19.45%,19.41%,19.43%,19.43%,19.44%,19.46%,19.44%,19.43%,19.43%,19.45%,19.44%,19.39%,19.40%,19.38%,19.30%,19.31%,19.22%,19.21%
65+,,,,,,,,,,,,,,,,,,,15.19%,13.70%,13.58%,15.17%,16.31%,17.98%,17.42%,18.07%,18.30%,17.52%,18.07%,20.03%,20.83%,21.34%,21.57%,22.25%,22.78%,22.97%,23.88%,24.56%,24.97%,25.55%,27.25%,27.25%,27.35%,27.95%,28.49%,28.37%,28.55%,28.63%,28.74%,28.92%,29.07%,28.91%,28.94%,28.81%,28.81%,28.62%,28.72%,28.73%,28.91%,29.67%,29.55%,29.54%,29.47%,29.45%,29.55%,30.03%,30.11%,30.85%,31.10%,31.19%,31.20%,31.12%,31.06%,30.97%,30.99%,30.92%,31.12%,30.91%,30.73%,30.69%,30.85%,30.96%,30.94%,30.93%,30.95%,31.02%,30.79%,30.59%,30.51%,30.57%,30.40%,30.38%,30.54%,30.58%,30.32%,30.27%,30.20%,30.16%,30.11%,30.76%,30.62%,30.49%,30.36%,30.12%,29.93%,29.28%,29.16%,28.94%,28.69%,28.04%,27.27%,26.56%,25.88%,25.04%,24.36%,23.04%,22.16%,21.55%,21.09%,20.26%,19.75%,19.32%,18.96%,18.47%,18.06%,17.80%,17.72%,17.17%,16.93%,16.77%,16.61%,16.91%,16.81%,16.81%,16.84%,16.76%,16.84%,16.81%,16.87%,17.11%,17.21%,17.38%,17.56%,17.44%,18.09%,18.04%,17.96%,17.89%,17.82%,17.82%,18.02%,17.94%,18.00%,18.03%,18.04%,18.08%,18.09%,18.18%,18.08%,18.20%,18.17%,18.30%,18.32%,18.34%,18.39%,18.43%,18.43%,18.52%,18.55%,18.53%,18.52%,18.60%,18.61%,18.60%,18.66%,18.70%,18.71%,18.76%,18.71%,18.80%
,,,,,,,,,,,,,,,,,,,,,,,,,,,,,,,,,,,,,,,,,,,,,,,,,,,,,,,,,,,,,,,,,,,,,,,,,,,,,,,,,,,,,,,,,,,,,,,,,,,,,,,,,,,,,,,,,,,,,,,,,,,,,,,,,,,,,,,,,,,,,,,,,,,,,,,,,,,,,,,,,,,,,,,,,,,,,,,,,,,,
% OF NEW,,,,,,,,,,,,,,,,,,,,,,,,,,,,,,,,,,,,,,,,,,,,,,,,,,,,,,,,,,,,,,,,,,,,,,,,,,,,,,,,,,,,,,,,,,,,,,,,,,,,,,,,,,,,,,,,,,,,,,,,,,,,,,,,,,,,,,,,,,,,,,,,,,,,,,,,,,,,,,,,,,,,,,,,,,,,,,,,,,,,
00-04,,,,,,,,,,,,,,,,,,,,0.00%,0.00%,0.00%,0.00%,0.00%,1.59%,0.00%,0.00%,1.89%,0.00%,0.00%,-3.23%,0.00%,0.00%,0.00%,0.00%,0.00%,0.00%,0.00%,0.00%,0.00%,0.00%,0.00%,0.00%,0.00%,0.00%,3.28%,0.00%,0.00%,0.00%,0.00%,0.00%,0.00%,0.00%,0.00%,0.00%,0.00%,0.00%,0.00%,0.00%,0.00%,0.00%,0.00%,0.00%,0.00%,0.00%,0.00%,0.00%,3.23%,0.00%,0.00%,2.63%,0.00%,0.00%,3.23%,9.52%,14.29%,0.00%,7.14%,0.00%,0.00%,-4.35%,0.00%,0.00%,0.00%,0.00%,0.00%,0.00%,0.00%,0.00%,6.25%,0.00%,0.00%,0.00%,0.00%,4.76%,0.00%,0.00%,0.00%,0.00%,0.00%,0.00%,0.00%,5.88%,0.00%,0.00%,6.67%,5.26%,0.00%,0.00%,0.00%,0.00%,1.04%,0.00%,0.00%,1.82%,0.43%,0.56%,0.67%,2.36%,0.92%,1.96%,1.30%,0.63%,0.56%,0.93%,2.50%,0.00%,3.02%,1.63%,1.43%,2.50%,1.48%,2.17%,1.74%,1.44%,2.08%,0.00%,1.01%,2.05%,0.75%,1.11%,1.68%,3.20%,2.27%,1.23%,3.03%,1.22%,0.00%,2.27%,1.43%,2.00%,1.03%,0.00%,0.00%,0.00%,0.00%,0.00%,0.88%,1.11%,1.30%,2.70%,2.82%,0.00%,3.70%,3.00%,3.75%,3.28%,2.33%,0.00%,0.00%,0.00%,0.00%,3.17%,1.20%,2.02%,2.70%,3.45%,1.47%,1.90%,1.09%
05-12,,,,,,,,,,,,,,,,,,,,0.00%,0.00%,0.00%,0.00%,3.23%,0.00%,3.51%,0.00%,0.00%,0.00%,0.00%,0.00%,0.00%,0.00%,0.00%,0.00%,0.00%,0.00%,0.00%,0.00%,0.00%,0.00%,0.00%,0.00%,0.00%,0.00%,0.00%,0.00%,0.00%,0.00%,0.00%,0.00%,0.00%,0.00%,0.00%,0.00%,0.00%,5.00%,0.00%,0.00%,0.00%,0.00%,0.00%,0.00%,0.00%,0.00%,0.00%,0.00%,0.00%,0.00%,0.00%,0.00%,5.88%,0.00%,6.45%,0.00%,0.00%,4.17%,0.00%,0.00%,8.33%,8.70%,5.26%,18.52%,0.00%,0.00%,-11.11%,0.00%,0.00%,0.00%,0.00%,0.00%,20.00%,0.00%,0.00%,4.76%,0.00%,0.00%,0.00%,0.00%,11.11%,0.00%,11.11%,0.00%,0.00%,0.00%,8.89%,5.26%,0.00%,0.00%,0.00%,1.11%,2.08%,2.41%,1.83%,2.73%,1.72%,2.26%,1.33%,0.00%,0.00%,1.96%,1.74%,5.06%,1.11%,1.86%,1.00%,2.82%,3.63%,1.22%,2.86%,2.08%,2.22%,1.45%,1.74%,0.72%,0.00%,3.40%,2.53%,3.42%,0.75%,3.33%,0.84%,4.00%,0.00%,0.82%,1.52%,1.22%,2.94%,9.09%,4.29%,3.00%,2.06%,1.15%,0.00%,1.33%,1.32%,2.86%,2.63%,2.22%,0.00%,4.05%,4.23%,0.00%,0.00%,6.00%,0.00%,4.92%,0.00%,0.00%,1.72%,0.00%,0.00%,4.76%,0.00%,0.00%,5.41%,0.00%,2.94%,4.76%,5.43%
13-18,,,,,,,,,,,,,,,,,,,,3.28%,0.00%,0.00%,0.00%,0.00%,1.59%,1.75%,1.32%,1.89%,0.00%,0.00%,0.00%,0.00%,0.00%,2.08%,0.00%,0.00%,0.00%,0.00%,0.00%,0.00%,0.00%,0.00%,0.00%,0.00%,0.00%,0.00%,0.00%,0.00%,0.00%,0.00%,0.00%,0.00%,0.00%,0.00%,0.00%,0.00%,10.00%,0.00%,5.26%,0.00%,0.00%,0.00%,0.00%,0.00%,0.00%,0.00%,0.00%,3.23%,0.00%,0.00%,7.89%,0.00%,6.90%,0.00%,0.00%,0.00%,0.00%,14.29%,18.18%,0.00%,-8.70%,5.26%,0.00%,14.29%,0.00%,-11.11%,8.33%,-7.69%,12.50%,0.00%,7.14%,0.00%,0.00%,14.29%,9.52%,10.00%,9.09%,66.67%,14.29%,-3.70%,0.00%,11.11%,0.00%,0.00%,6.25%,2.22%,0.00%,2.22%,5.41%,1.64%,4.44%,4.17%,4.82%,1.83%,1.82%,2.58%,4.52%,2.67%,3.15%,5.05%,2.94%,3.48%,3.16%,5.00%,5.12%,5.00%,5.63%,5.44%,5.28%,6.43%,3.75%,2.22%,8.70%,5.81%,5.76%,8.33%,8.16%,9.09%,7.53%,4.51%,5.00%,7.56%,4.00%,14.39%,4.92%,9.09%,4.88%,10.29%,10.61%,7.14%,9.00%,9.28%,8.05%,11.48%,12.00%,9.21%,14.29%,14.91%,10.00%,10.39%,8.11%,9.86%,2.22%,7.41%,4.00%,15.00%,6.56%,11.63%,6.90%,8.62%,-7.14%,6.56%,7.94%,10.84%,14.14%,10.81%,27.59%,4.41%,8.57%,11.96%
19-24,,,,,,,,,,,,,,,,,,,,4.92%,6.52%,8.00%,8.57%,0.00%,7.94%,7.02%,9.21%,13.21%,0.00%,4.26%,0.00%,7.69%,17.24%,0.00%,0.00%,31.58%,0.00%,0.00%,4.76%,4.55%,3.23%,7.69%,-14.29%,0.00%,10.34%,1.64%,0.00%,0.00%,0.00%,0.00%,9.09%,15.79%,12.50%,6.67%,0.00%,0.00%,0.00%,10.00%,5.26%,4.44%,37.50%,3.23%,0.00%,0.00%,0.00%,0.00%,0.00%,0.00%,7.69%,0.00%,2.63%,11.76%,10.34%,6.45%,-4.76%,7.14%,0.00%,7.14%,0.00%,8.33%,4.35%,5.26%,3.70%,21.43%,12.50%,0.00%,12.50%,15.38%,25.00%,12.50%,-7.14%,40.00%,5.26%,14.29%,4.76%,10.00%,0.00%,0.00%,0.00%,0.00%,0.00%,22.22%,29.41%,20.00%,25.00%,24.44%,10.53%,22.22%,21.62%,37.70%,42.22%,34.38%,38.55%,41.28%,28.18%,28.76%,32.77%,38.67%,26.77%,21.56%,25.49%,23.91%,22.15%,16.67%,16.28%,16.00%,8.45%,17.52%,12.60%,16.43%,15.83%,11.11%,11.59%,10.47%,16.55%,10.42%,17.01%,7.58%,15.07%,5.26%,10.56%,9.24%,12.00%,11.36%,8.20%,16.67%,12.20%,10.29%,15.15%,17.14%,4.00%,15.46%,11.49%,16.39%,13.33%,11.84%,2.86%,9.65%,15.56%,10.39%,10.81%,4.23%,8.89%,22.22%,12.00%,7.50%,22.95%,10.47%,13.79%,12.07%,21.43%,19.67%,12.70%,28.92%,12.12%,21.62%,20.69%,17.65%,24.76%,6.52%
25-49,,,,,,,,,,,,,,,,,,,,55.74%,43.48%,32.00%,34.29%,19.35%,57.14%,36.84%,44.74%,49.06%,29.73%,25.53%,25.81%,30.77%,34.48%,31.25%,33.33%,15.79%,5.88%,18.18%,19.05%,13.64%,17.74%,23.08%,42.86%,11.76%,13.79%,39.34%,28.57%,33.33%,38.46%,23.08%,-9.09%,42.11%,43.75%,43.33%,21.43%,50.00%,20.00%,50.00%,31.58%,17.78%,6.25%,29.03%,47.06%,12.50%,33.33%,26.32%,50.00%,6.45%,15.38%,25.00%,36.84%,29.41%,34.48%,32.26%,57.14%,28.57%,29.17%,32.14%,54.55%,33.33%,47.83%,26.32%,18.52%,28.57%,25.00%,33.33%,29.17%,61.54%,62.50%,37.50%,64.29%,20.00%,15.79%,14.29%,57.14%,40.00%,45.45%,33.33%,57.14%,3.70%,0.00%,22.22%,41.18%,50.00%,62.50%,46.67%,57.89%,40.00%,48.65%,42.62%,34.44%,36.46%,36.14%,44.95%,41.82%,48.50%,42.94%,38.00%,48.03%,53.21%,46.08%,43.91%,44.30%,48.89%,51.16%,46.50%,47.89%,45.92%,50.81%,44.29%,44.17%,37.04%,43.48%,44.19%,33.81%,43.75%,33.33%,40.40%,32.19%,35.34%,36.11%,29.41%,27.20%,38.64%,31.97%,31.82%,40.24%,54.41%,37.88%,37.14%,24.00%,45.36%,29.89%,19.67%,28.00%,28.95%,38.57%,23.68%,37.78%,29.87%,32.43%,18.31%,48.89%,33.33%,31.00%,30.00%,24.59%,24.42%,37.93%,44.83%,50.00%,19.67%,33.33%,28.92%,26.26%,16.22%,34.48%,26.47%,36.19%,28.26%
50-64,,,,,,,,,,,,,,,,,,,,26.23%,36.96%,28.00%,31.43%,41.94%,17.46%,28.07%,25.00%,24.53%,43.24%,23.40%,38.71%,30.77%,20.69%,33.33%,19.05%,21.05%,23.53%,9.09%,33.33%,31.82%,25.81%,42.31%,28.57%,23.53%,27.59%,29.51%,35.71%,33.33%,23.08%,30.77%,54.55%,18.42%,12.50%,26.67%,50.00%,41.67%,30.00%,10.00%,15.79%,24.44%,37.50%,38.71%,29.41%,62.50%,26.67%,5.26%,0.00%,19.35%,15.38%,25.00%,18.42%,29.41%,20.69%,25.81%,4.76%,28.57%,20.83%,21.43%,27.27%,25.00%,8.70%,15.79%,29.63%,7.14%,25.00%,44.44%,37.50%,30.77%,-12.50%,6.25%,28.57%,0.00%,31.58%,14.29%,14.29%,20.00%,27.27%,0.00%,14.29%,7.41%,0.00%,33.33%,5.88%,25.00%,6.25%,13.33%,5.26%,17.78%,10.81%,14.75%,11.11%,13.54%,13.25%,5.50%,16.36%,11.16%,10.17%,10.67%,11.02%,12.39%,11.27%,13.91%,15.19%,21.11%,15.35%,17.50%,22.54%,15.71%,16.67%,18.57%,18.75%,15.56%,20.29%,19.19%,23.74%,23.96%,17.69%,23.74%,19.86%,23.31%,22.78%,22.69%,21.60%,22.73%,13.93%,25.76%,30.49%,11.76%,12.12%,14.29%,23.00%,16.49%,25.29%,29.51%,26.67%,25.00%,22.86%,22.81%,25.56%,15.58%,27.03%,25.35%,17.78%,7.41%,21.00%,20.00%,19.67%,22.09%,13.79%,17.24%,21.43%,22.95%,17.46%,13.25%,20.20%,13.51%,-6.90%,20.59%,9.52%,18.48%
65+,,,,,,,,,,,,,,,,,,,,9.84%,13.04%,32.00%,25.71%,35.48%,14.29%,22.81%,19.74%,9.43%,27.03%,46.81%,38.71%,30.77%,27.59%,33.33%,42.86%,31.58%,70.59%,81.82%,42.86%,50.00%,53.23%,26.92%,42.86%,64.71%,48.28%,26.23%,35.71%,33.33%,38.46%,46.15%,45.45%,23.68%,31.25%,23.33%,28.57%,8.33%,35.00%,30.00%,42.11%,53.33%,18.75%,29.03%,23.53%,25.00%,40.00%,68.42%,50.00%,67.74%,61.54%,50.00%,31.58%,23.53%,27.59%,25.81%,33.33%,21.43%,45.83%,17.86%,0.00%,25.00%,43.48%,42.11%,29.63%,28.57%,37.50%,44.44%,12.50%,0.00%,12.50%,37.50%,7.14%,20.00%,47.37%,42.86%,4.76%,20.00%,18.18%,0.00%,14.29%,81.48%,0.00%,0.00%,11.76%,5.00%,6.25%,-2.22%,15.79%,17.78%,13.51%,3.28%,6.67%,8.33%,4.82%,4.59%,7.27%,6.87%,6.78%,8.00%,8.66%,6.88%,10.29%,11.74%,9.49%,6.67%,9.30%,11.50%,12.68%,8.76%,11.79%,10.00%,12.92%,30.37%,12.32%,16.86%,17.99%,11.46%,20.41%,15.66%,19.86%,30.08%,21.11%,28.57%,28.00%,10.61%,38.93%,12.12%,9.76%,10.29%,12.88%,18.57%,35.00%,10.31%,24.14%,22.95%,18.67%,23.68%,18.57%,25.44%,7.78%,32.47%,14.86%,35.21%,22.22%,25.93%,23.00%,23.75%,18.03%,29.07%,27.59%,15.52%,14.29%,31.15%,20.63%,16.87%,25.25%,29.73%,20.69%,26.47%,14.29%,28.26%
,,,,,,,,,,,,,,,,,,,,,,,,,,,,,,,,,,,,,,,,,,,,,,,,,,,,,,,,,,,,,,,,,,,,,,,,,,,,,,,,,,,,,,,,,,,,,,,,,,,,,,,,,,,,,,,,,,,,,,,,,,,,,,,,,,,,,,,,,,,,,,,,,,,,,,,,,,,,,,,,,,,,,,,,,,,,,,,,,,,,
7 DAY NEW AVG %,,,,,,,,,,,,,,,,,,,,,,,,,,,,,,,,,,,,,,,,,,,,,,,,,,,,,,,,,,,,,,,,,,,,,,,,,,,,,,,,,,,,,,,,,,,,,,,,,,,,,,,,,,,,,,,,,,,,,,,,,,,,,,,,,,,,,,,,,,,,,,,,,,,,,,,,,,,,,,,,,,,,,,,,,,,,,,,,,,,,
00-04,,,,,,,,,,,,,,,,,,,,,,,,,,0.23%,0.23%,0.50%,0.50%,0.50%,0.04%,-0.19%,-0.19%,-0.19%,-0.46%,-0.46%,-0.46%,0.00%,0.00%,0.00%,0.00%,0.00%,0.00%,0.00%,0.00%,0.47%,0.47%,0.47%,0.47%,0.47%,0.47%,0.47%,0.00%,0.00%,0.00%,0.00%,0.00%,0.00%,0.00%,0.00%,0.00%,0.00%,0.00%,0.00%,0.00%,0.00%,0.00%,0.46%,0.46%,0.46%,0.84%,0.84%,0.84%,1.30%,2.20%,4.24%,4.24%,4.88%,4.88%,4.88%,3.80%,2.44%,0.40%,0.40%,-0.62%,-0.62%,-0.62%,0.00%,0.00%,0.89%,0.89%,0.89%,0.89%,0.89%,1.57%,1.57%,0.68%,0.68%,0.68%,0.68%,0.68%,0.00%,0.84%,0.84%,0.84%,1.79%,2.54%,2.54%,2.54%,1.70%,1.70%,1.85%,0.90%,0.15%,0.41%,0.47%,0.55%,0.65%,0.83%,0.97%,1.25%,1.17%,1.20%,1.20%,1.24%,1.26%,1.13%,1.28%,1.32%,1.44%,1.72%,1.79%,1.75%,2.00%,1.77%,1.84%,1.63%,1.42%,1.50%,1.30%,1.21%,1.24%,1.40%,1.73%,1.76%,1.90%,1.96%,1.80%,1.89%,1.64%,1.60%,1.57%,1.14%,0.96%,0.96%,0.64%,0.43%,0.27%,0.28%,0.47%,0.86%,1.26%,1.26%,1.79%,2.09%,2.47%,2.75%,2.70%,2.29%,2.29%,1.76%,1.34%,1.25%,0.96%,0.91%,1.30%,1.79%,2.00%,2.28%,1.98%
05-12,,,,,,,,,,,,,,,,,,,,,,,,,,0.96%,0.96%,0.96%,0.96%,0.96%,0.50%,0.50%,0.00%,0.00%,0.00%,0.00%,0.00%,0.00%,0.00%,0.00%,0.00%,0.00%,0.00%,0.00%,0.00%,0.00%,0.00%,0.00%,0.00%,0.00%,0.00%,0.00%,0.00%,0.00%,0.00%,0.00%,0.71%,0.71%,0.71%,0.71%,0.71%,0.71%,0.71%,0.00%,0.00%,0.00%,0.00%,0.00%,0.00%,0.00%,0.00%,0.84%,0.84%,1.76%,1.76%,1.76%,2.36%,2.36%,1.52%,2.71%,3.03%,3.78%,6.43%,5.83%,5.83%,4.24%,3.05%,1.81%,1.06%,-1.59%,-1.59%,1.27%,2.86%,2.86%,3.54%,3.54%,3.54%,3.54%,0.68%,2.27%,2.27%,3.17%,3.17%,3.17%,3.17%,4.44%,3.61%,3.61%,2.02%,2.02%,2.18%,2.48%,1.55%,1.06%,1.45%,1.70%,2.02%,2.05%,1.75%,1.41%,1.43%,1.29%,1.77%,1.60%,1.68%,1.82%,2.22%,2.46%,2.39%,2.07%,2.21%,2.26%,2.32%,2.17%,1.76%,1.58%,1.66%,1.72%,1.89%,1.80%,2.02%,2.04%,2.61%,2.13%,1.88%,1.61%,1.68%,1.62%,2.80%,2.84%,3.27%,3.44%,3.39%,3.22%,2.99%,1.88%,1.67%,1.62%,1.64%,1.48%,2.06%,2.47%,2.28%,1.88%,2.36%,2.04%,2.74%,2.16%,1.56%,1.81%,1.81%,0.95%,1.63%,0.93%,0.93%,1.70%,1.45%,1.87%,2.55%,2.65%
13-18,,,,,,,,,,,,,,,,,,,,,,,,,,0.95%,0.67%,0.93%,0.93%,0.93%,0.93%,0.71%,0.46%,0.57%,0.30%,0.30%,0.30%,0.30%,0.30%,0.30%,0.00%,0.00%,0.00%,0.00%,0.00%,0.00%,0.00%,0.00%,0.00%,0.00%,0.00%,0.00%,0.00%,0.00%,0.00%,0.00%,1.43%,1.43%,2.18%,2.18%,2.18%,2.18%,2.18%,0.75%,0.75%,0.00%,0.00%,0.46%,0.46%,0.46%,1.59%,1.59%,2.57%,2.57%,2.11%,2.11%,2.11%,3.03%,5.62%,4.64%,3.40%,4.15%,4.15%,6.19%,4.15%,-0.04%,1.15%,1.30%,2.33%,2.33%,1.31%,1.31%,2.90%,3.75%,6.21%,5.85%,7.15%,15.65%,17.69%,17.16%,15.12%,15.35%,13.92%,12.62%,3.99%,2.27%,2.80%,3.12%,2.30%,2.53%,3.17%,2.87%,3.24%,3.50%,3.45%,3.04%,3.45%,3.20%,3.05%,3.09%,3.25%,3.48%,3.57%,3.64%,3.99%,4.25%,4.33%,4.69%,4.95%,5.41%,5.24%,4.82%,5.35%,5.38%,5.42%,5.86%,6.10%,6.87%,7.63%,7.03%,6.91%,7.17%,6.55%,7.44%,6.85%,7.07%,7.12%,7.88%,8.31%,8.76%,7.99%,8.61%,8.46%,9.41%,9.65%,9.45%,10.47%,11.32%,11.42%,11.75%,11.27%,10.97%,9.97%,8.99%,7.43%,8.14%,7.59%,8.10%,7.67%,8.59%,6.51%,6.87%,5.86%,6.48%,6.84%,7.40%,10.10%,11.76%,12.04%,12.62%
19-24,,,,,,,,,,,,,,,,,,,,,,,,,,6.14%,6.75%,7.71%,6.56%,5.95%,5.95%,5.91%,7.37%,6.06%,4.17%,8.68%,8.07%,8.07%,7.65%,5.84%,6.30%,7.40%,0.85%,0.85%,2.33%,1.88%,1.23%,0.77%,-0.33%,1.71%,3.01%,3.79%,5.34%,6.29%,6.29%,6.29%,6.29%,6.42%,4.92%,3.77%,8.17%,8.63%,8.63%,8.63%,7.20%,6.45%,5.82%,0.46%,1.10%,1.10%,1.47%,3.16%,4.63%,5.56%,4.87%,4.80%,4.80%,5.44%,3.76%,3.47%,3.17%,4.60%,4.11%,7.17%,7.94%,7.94%,8.53%,10.11%,12.93%,14.19%,10.11%,14.03%,14.79%,15.04%,13.52%,11.38%,9.60%,10.62%,4.90%,4.15%,2.11%,4.60%,7.38%,10.23%,13.80%,17.30%,18.80%,21.98%,21.89%,23.07%,26.25%,27.59%,29.60%,34.00%,34.85%,35.87%,35.16%,34.66%,33.57%,31.14%,28.88%,28.27%,27.33%,25.03%,21.83%,20.29%,18.42%,17.28%,15.67%,14.85%,14.73%,13.99%,13.36%,13.65%,13.51%,13.20%,13.28%,12.10%,12.67%,11.76%,11.78%,10.73%,10.96%,10.15%,10.24%,10.47%,11.46%,11.42%,12.27%,13.00%,11.95%,12.99%,12.25%,12.85%,13.28%,12.81%,10.77%,11.58%,11.59%,11.43%,10.63%,9.33%,8.91%,11.68%,12.01%,10.86%,12.66%,12.61%,13.97%,14.43%,14.32%,15.41%,16.15%,17.01%,17.24%,18.36%,19.59%,19.05%,19.78%,18.90%
25-49,,,,,,,,,,,,,,,,,,,,,,,,,,39.83%,38.26%,39.06%,38.74%,37.48%,38.41%,34.64%,34.30%,32.38%,30.13%,28.14%,25.33%,24.24%,22.57%,19.59%,17.66%,16.19%,20.06%,20.90%,20.27%,23.17%,25.31%,27.53%,29.73%,26.91%,23.93%,27.97%,28.60%,30.71%,29.01%,30.66%,30.22%,38.66%,37.16%,33.45%,28.15%,29.23%,28.81%,27.74%,25.36%,24.61%,29.21%,29.24%,27.29%,24.14%,27.62%,27.06%,28.22%,25.69%,32.93%,34.82%,35.41%,34.74%,38.33%,38.17%,40.39%,35.99%,34.55%,34.46%,33.44%,30.41%,29.82%,31.78%,36.95%,39.66%,44.76%,44.05%,41.54%,39.41%,38.79%,35.57%,36.71%,32.29%,37.59%,35.87%,33.83%,28.84%,29.00%,29.65%,33.82%,32.32%,40.07%,45.78%,49.56%,49.76%,47.54%,43.82%,42.32%,40.47%,40.73%,40.71%,40.75%,41.26%,42.91%,45.35%,45.51%,45.81%,45.21%,46.06%,47.94%,47.72%,46.96%,46.94%,47.93%,47.92%,47.25%,45.23%,44.80%,44.27%,42.54%,41.53%,39.97%,39.43%,38.74%,37.57%,36.42%,35.79%,33.43%,34.18%,32.98%,32.93%,33.63%,36.24%,37.45%,38.87%,36.78%,38.69%,38.42%,35.48%,31.71%,30.43%,30.63%,30.59%,29.51%,29.50%,31.33%,29.94%,32.79%,32.04%,33.09%,31.98%,31.22%,30.08%,32.88%,32.30%,34.68%,33.06%,33.54%,34.16%,34.42%,31.32%,29.84%,26.48%,28.84%,28.11%
50-64,,,,,,,,,,,,,,,,,,,,,,,,,,30.01%,29.84%,28.06%,30.24%,29.09%,28.63%,30.53%,29.48%,30.67%,29.89%,26.72%,26.73%,22.50%,22.87%,24.46%,23.38%,26.71%,27.78%,27.78%,30.42%,29.88%,30.43%,31.51%,28.76%,29.07%,33.50%,32.20%,29.77%,28.47%,30.85%,33.51%,33.40%,27.04%,26.66%,28.37%,29.91%,28.30%,26.55%,31.19%,33.57%,32.07%,28.58%,25.99%,22.65%,22.02%,15.73%,16.12%,18.32%,22.01%,19.93%,21.81%,21.21%,21.64%,21.34%,21.95%,19.51%,21.08%,21.24%,19.28%,19.79%,22.24%,24.03%,27.18%,23.14%,19.80%,22.86%,19.29%,17.45%,14.14%,11.78%,16.42%,19.43%,15.35%,17.39%,13.93%,11.89%,14.61%,12.60%,12.27%,13.17%,13.03%,12.72%,15.26%,12.05%,13.31%,11.33%,12.37%,12.36%,12.39%,12.19%,12.24%,11.59%,11.52%,11.16%,11.04%,11.86%,11.51%,12.09%,13.65%,14.32%,15.25%,16.70%,17.33%,17.72%,18.21%,17.87%,17.90%,18.30%,17.82%,18.97%,20.01%,19.88%,20.59%,21.21%,21.64%,22.15%,22.00%,21.67%,22.39%,20.99%,21.83%,22.85%,21.28%,19.77%,18.73%,18.76%,19.13%,19.06%,18.92%,21.05%,22.89%,24.12%,24.09%,25.38%,24.00%,23.64%,23.45%,22.42%,20.22%,19.96%,19.16%,19.75%,19.04%,17.39%,17.32%,19.32%,19.60%,19.23%,18.32%,18.05%,18.01%,14.56%,14.44%,12.52%,12.67%
65+,,,,,,,,,,,,,,,,,,,,,,,,,,21.88%,23.30%,22.78%,22.07%,25.08%,25.54%,27.90%,28.58%,30.52%,35.30%,35.95%,39.35%,45.50%,47.23%,50.43%,53.28%,51.00%,52.61%,51.77%,46.98%,44.60%,42.56%,39.72%,41.37%,41.84%,39.09%,35.58%,36.29%,34.52%,33.84%,29.54%,27.95%,25.74%,28.37%,31.53%,30.87%,30.94%,33.11%,31.68%,33.11%,36.87%,36.39%,43.39%,48.03%,51.81%,52.75%,50.40%,44.57%,41.11%,36.20%,30.47%,29.87%,27.91%,24.55%,24.18%,26.70%,27.96%,29.13%,26.66%,29.47%,35.82%,34.03%,27.82%,23.59%,24.72%,21.66%,19.16%,19.57%,23.91%,24.59%,25.66%,22.90%,21.88%,21.07%,25.94%,19.82%,19.14%,17.96%,16.08%,16.97%,14.61%,5.23%,7.77%,9.70%,8.48%,8.72%,9.02%,10.03%,8.43%,6.92%,5.97%,6.48%,6.67%,6.71%,7.01%,7.82%,8.46%,8.84%,8.82%,9.01%,9.41%,10.24%,10.02%,10.03%,10.10%,10.99%,14.00%,14.12%,14.72%,16.03%,15.99%,17.47%,17.87%,16.36%,18.90%,19.51%,21.02%,23.38%,21.98%,25.31%,24.20%,21.30%,19.75%,17.51%,16.17%,19.65%,15.56%,17.28%,19.16%,20.36%,21.90%,21.90%,20.54%,20.18%,21.37%,20.21%,22.57%,22.36%,23.42%,23.07%,25.35%,23.29%,25.32%,24.23%,23.27%,21.61%,22.77%,22.32%,22.16%,21.61%,21.92%,22.66%,24.40%,21.99%,23.08%
,,,,,,,,,,,,,,,,,,,,,,,,,,,,,,,,,,,,,,,,,,,,,,,,,,,,,,,,,,,,,,,,,,,,,,,,,,,,,,,,,,,,,,,,,,,,,,,,,,,,,,,,,,,,,,,,,,,,,,,,,,,,,,,,,,,,,,,,,,,,,,,,,,,,,,,,,,,,,,,,,,,,,,,,,,,,,,,,,,,,
7 DAY NEW AVG Δ,,,,,,,,,,,,,,,,,,,,,,,,,,,,,,,,,,,,,,,,,,,,,,,,,,,,,,,,,,,,,,,,,,,,,,,,,,,,,,,,,,,,,,,,,,,,,,,,,,,,,,,,,,,,,,,,,,,,,,,,,,,,,,,,,,,,,,,,,,,,,,,,,,,,,,,,,,,,,,,,,,,,,,,,,,,,,,,,,,,,
00-04,,,,,,,,,,,,,,,,,,,,,,,,,,,0.00%,0.27%,0.00%,0.00%,-0.46%,-0.23%,0.00%,0.00%,-0.27%,0.00%,0.00%,0.46%,0.00%,0.00%,0.00%,0.00%,0.00%,0.00%,0.00%,0.47%,0.00%,0.00%,0.00%,0.00%,0.00%,0.00%,-0.47%,0.00%,0.00%,0.00%,0.00%,0.00%,0.00%,0.00%,0.00%,0.00%,0.00%,0.00%,0.00%,0.00%,0.00%,0.46%,0.00%,0.00%,0.38%,0.00%,0.00%,0.46%,0.90%,2.04%,0.00%,0.64%,0.00%,0.00%,-1.08%,-1.36%,-2.04%,0.00%,-1.02%,0.00%,0.00%,0.62%,0.00%,0.89%,0.00%,0.00%,0.00%,0.00%,0.68%,0.00%,-0.89%,0.00%,0.00%,0.00%,0.00%,-0.68%,0.84%,0.00%,0.00%,0.95%,0.75%,0.00%,0.00%,-0.84%,0.00%,0.15%,-0.95%,-0.75%,0.26%,0.06%,0.08%,0.10%,0.19%,0.13%,0.28%,-0.07%,0.03%,0.00%,0.04%,0.02%,-0.13%,0.15%,0.05%,0.11%,0.28%,0.08%,-0.05%,0.25%,-0.23%,0.07%,-0.20%,-0.21%,0.08%,-0.20%,-0.09%,0.03%,0.16%,0.32%,0.03%,0.14%,0.07%,-0.16%,0.08%,-0.25%,-0.04%,-0.03%,-0.43%,-0.17%,0.00%,-0.32%,-0.20%,-0.16%,0.01%,0.19%,0.39%,0.40%,0.00%,0.53%,0.30%,0.38%,0.28%,-0.05%,-0.40%,0.00%,-0.53%,-0.43%,-0.08%,-0.30%,-0.04%,0.39%,0.49%,0.21%,0.27%,-0.30%
05-12,,,,,,,,,,,,,,,,,,,,,,,,,,,0.00%,0.00%,0.00%,0.00%,-0.46%,0.00%,-0.50%,0.00%,0.00%,0.00%,0.00%,0.00%,0.00%,0.00%,0.00%,0.00%,0.00%,0.00%,0.00%,0.00%,0.00%,0.00%,0.00%,0.00%,0.00%,0.00%,0.00%,0.00%,0.00%,0.00%,0.71%,0.00%,0.00%,0.00%,0.00%,0.00%,0.00%,-0.71%,0.00%,0.00%,0.00%,0.00%,0.00%,0.00%,0.00%,0.84%,0.00%,0.92%,0.00%,0.00%,0.60%,0.00%,-0.84%,1.19%,0.32%,0.75%,2.65%,-0.60%,0.00%,-1.59%,-1.19%,-1.24%,-0.75%,-2.65%,0.00%,2.86%,1.59%,0.00%,0.68%,0.00%,0.00%,0.00%,-2.86%,1.59%,0.00%,0.91%,0.00%,0.00%,0.00%,1.27%,-0.84%,0.00%,-1.59%,0.00%,0.16%,0.30%,-0.93%,-0.49%,0.39%,0.25%,0.32%,0.03%,-0.30%,-0.34%,0.02%,-0.14%,0.48%,-0.16%,0.08%,0.14%,0.40%,0.24%,-0.07%,-0.32%,0.14%,0.05%,0.06%,-0.15%,-0.42%,-0.17%,0.08%,0.06%,0.17%,-0.10%,0.23%,0.02%,0.57%,-0.49%,-0.24%,-0.27%,0.07%,-0.06%,1.18%,0.04%,0.43%,0.18%,-0.05%,-0.17%,-0.23%,-1.11%,-0.20%,-0.05%,0.02%,-0.16%,0.58%,0.41%,-0.19%,-0.41%,0.48%,-0.32%,0.70%,-0.58%,-0.60%,0.25%,0.00%,-0.86%,0.68%,-0.70%,0.00%,0.77%,-0.25%,0.42%,0.68%,0.10%
13-18,,,,,,,,,,,,,,,,,,,,,,,,,,,-0.28%,0.27%,0.00%,0.00%,0.00%,-0.23%,-0.25%,0.11%,-0.27%,0.00%,0.00%,0.00%,0.00%,0.00%,-0.30%,0.00%,0.00%,0.00%,0.00%,0.00%,0.00%,0.00%,0.00%,0.00%,0.00%,0.00%,0.00%,0.00%,0.00%,0.00%,1.43%,0.00%,0.75%,0.00%,0.00%,0.00%,0.00%,-1.43%,0.00%,-0.75%,0.00%,0.46%,0.00%,0.00%,1.13%,0.00%,0.99%,0.00%,-0.46%,0.00%,0.00%,0.91%,2.60%,-0.99%,-1.24%,0.75%,0.00%,2.04%,-2.04%,-4.18%,1.19%,0.14%,1.03%,0.00%,-1.02%,0.00%,1.59%,0.85%,2.46%,-0.36%,1.30%,8.50%,2.04%,-0.53%,-2.04%,0.23%,-1.43%,-1.30%,-8.63%,-1.72%,0.53%,0.32%,-0.82%,0.23%,0.63%,-0.30%,0.37%,0.26%,-0.06%,-0.40%,0.41%,-0.25%,-0.15%,0.03%,0.16%,0.24%,0.08%,0.07%,0.35%,0.26%,0.08%,0.36%,0.26%,0.47%,-0.18%,-0.41%,0.53%,0.03%,0.05%,0.44%,0.25%,0.76%,0.76%,-0.60%,-0.12%,0.26%,-0.62%,0.89%,-0.60%,0.22%,0.05%,0.76%,0.43%,0.45%,-0.77%,0.62%,-0.15%,0.94%,0.24%,-0.20%,1.02%,0.84%,0.10%,0.33%,-0.48%,-0.31%,-1.00%,-0.98%,-1.56%,0.71%,-0.55%,0.50%,-0.42%,0.91%,-2.08%,0.37%,-1.01%,0.61%,0.36%,0.56%,2.71%,1.65%,0.29%,0.57%
19-24,,,,,,,,,,,,,,,,,,,,,,,,,,,0.61%,0.96%,-1.14%,-0.62%,0.00%,-0.03%,1.46%,-1.32%,-1.89%,4.51%,-0.61%,0.00%,-0.42%,-1.81%,0.46%,1.10%,-6.55%,0.00%,1.48%,-0.45%,-0.65%,-0.46%,-1.10%,2.04%,1.30%,0.78%,1.55%,0.95%,0.00%,0.00%,0.00%,0.13%,-1.50%,-1.15%,4.40%,0.46%,0.00%,0.00%,-1.43%,-0.75%,-0.63%,-5.36%,0.64%,0.00%,0.38%,1.68%,1.48%,0.92%,-0.68%,-0.08%,0.00%,0.64%,-1.68%,-0.29%,-0.30%,1.43%,-0.49%,3.06%,0.77%,0.00%,0.60%,1.58%,2.82%,1.26%,-4.08%,3.93%,0.75%,0.26%,-1.52%,-2.14%,-1.79%,1.02%,-5.71%,-0.75%,-2.04%,2.49%,2.77%,2.86%,3.57%,3.49%,1.50%,3.17%,-0.09%,1.18%,3.17%,1.34%,2.02%,4.39%,0.85%,1.02%,-0.71%,-0.51%,-1.09%,-2.43%,-2.26%,-0.61%,-0.94%,-2.30%,-3.20%,-1.54%,-1.87%,-1.14%,-1.62%,-0.82%,-0.12%,-0.74%,-0.63%,0.29%,-0.14%,-0.31%,0.08%,-1.18%,0.57%,-0.90%,0.01%,-1.04%,0.23%,-0.81%,0.09%,0.23%,0.99%,-0.04%,0.84%,0.73%,-1.05%,1.04%,-0.74%,0.60%,0.43%,-0.47%,-2.04%,0.81%,0.01%,-0.16%,-0.80%,-1.30%,-0.42%,2.77%,0.34%,-1.15%,1.79%,-0.05%,1.37%,0.45%,-0.11%,1.10%,0.74%,0.85%,0.24%,1.12%,1.23%,-0.54%,0.73%,-0.88%
25-49,,,,,,,,,,,,,,,,,,,,,,,,,,,-1.57%,0.80%,-0.32%,-1.25%,0.92%,-3.77%,-0.34%,-1.93%,-2.25%,-1.99%,-2.81%,-1.09%,-1.67%,-2.98%,-1.93%,-1.47%,3.87%,0.84%,-0.63%,2.90%,2.13%,2.23%,2.20%,-2.83%,-2.98%,4.04%,0.63%,2.11%,-1.70%,1.65%,-0.44%,8.44%,-1.50%,-3.71%,-5.30%,1.09%,-0.42%,-1.07%,-2.38%,-0.75%,4.60%,0.03%,-1.95%,-3.15%,3.48%,-0.56%,1.17%,-2.53%,7.24%,1.88%,0.60%,-0.67%,3.59%,-0.16%,2.22%,-4.40%,-1.44%,-0.09%,-1.02%,-3.03%,-0.60%,1.96%,5.17%,2.71%,5.10%,-0.71%,-2.51%,-2.13%,-0.63%,-3.21%,1.14%,-4.42%,5.31%,-1.73%,-2.04%,-4.99%,0.17%,0.65%,4.17%,-1.50%,7.74%,5.71%,3.78%,0.21%,-2.22%,-3.72%,-1.50%,-1.85%,0.26%,-0.02%,0.04%,0.51%,1.65%,2.44%,0.16%,0.30%,-0.60%,0.85%,1.88%,-0.22%,-0.76%,-0.02%,0.99%,0.00%,-0.67%,-2.02%,-0.43%,-0.53%,-1.73%,-1.01%,-1.56%,-0.54%,-0.69%,-1.16%,-1.15%,-0.63%,-2.36%,0.76%,-1.21%,-0.05%,0.70%,2.61%,1.21%,1.42%,-2.09%,1.91%,-0.28%,-2.94%,-3.77%,-1.28%,0.20%,-0.05%,-1.08%,0.00%,1.82%,-1.38%,2.85%,-0.75%,1.05%,-1.11%,-0.75%,-1.14%,2.80%,-0.58%,2.38%,-1.62%,0.48%,0.62%,0.26%,-3.10%,-1.48%,-3.36%,2.36%,-0.72%
50-64,,,,,,,,,,,,,,,,,,,,,,,,,,,-0.18%,-1.78%,2.18%,-1.15%,-0.46%,1.90%,-1.05%,1.19%,-0.78%,-3.17%,0.02%,-4.23%,0.37%,1.59%,-1.08%,3.32%,1.07%,0.00%,2.64%,-0.55%,0.56%,1.08%,-2.75%,0.31%,4.43%,-1.31%,-2.43%,-1.29%,2.38%,2.66%,-0.11%,-6.36%,-0.38%,1.71%,1.55%,-1.61%,-1.75%,4.64%,2.38%,-1.50%,-3.49%,-2.59%,-3.33%,-0.63%,-6.30%,0.39%,2.20%,3.69%,-2.08%,1.88%,-0.60%,0.43%,-0.31%,0.62%,-2.44%,1.58%,0.15%,-1.96%,0.51%,2.45%,1.79%,3.15%,-4.04%,-3.34%,3.06%,-3.57%,-1.84%,-3.32%,-2.35%,4.64%,3.00%,-4.08%,2.04%,-3.45%,-2.04%,2.72%,-2.02%,-0.32%,0.89%,-0.14%,-0.31%,2.54%,-3.22%,1.27%,-1.98%,1.04%,-0.01%,0.03%,-0.20%,0.05%,-0.65%,-0.06%,-0.36%,-0.12%,0.82%,-0.35%,0.58%,1.56%,0.67%,0.93%,1.45%,0.63%,0.39%,0.48%,-0.34%,0.03%,0.40%,-0.48%,1.15%,1.04%,-0.13%,0.71%,0.62%,0.43%,0.51%,-0.15%,-0.34%,0.72%,-1.40%,0.84%,1.03%,-1.57%,-1.51%,-1.04%,0.04%,0.37%,-0.07%,-0.14%,2.13%,1.84%,1.22%,-0.03%,1.29%,-1.39%,-0.35%,-0.19%,-1.03%,-2.21%,-0.26%,-0.79%,0.58%,-0.70%,-1.65%,-0.08%,2.00%,0.28%,-0.36%,-0.92%,-0.27%,-0.04%,-3.45%,-0.12%,-1.92%,0.15%
65+,,,,,,,,,,,,,,,,,,,,,,,,,,,1.41%,-0.52%,-0.71%,3.01%,0.46%,2.35%,0.68%,1.94%,4.77%,0.65%,3.40%,6.16%,1.73%,3.20%,2.84%,-2.28%,1.61%,-0.84%,-4.79%,-2.38%,-2.04%,-2.84%,1.65%,0.47%,-2.75%,-3.51%,0.72%,-1.77%,-0.68%,-4.30%,-1.59%,-2.21%,2.63%,3.15%,-0.65%,0.07%,2.17%,-1.43%,1.43%,3.76%,-0.48%,7.00%,4.64%,3.78%,0.94%,-2.35%,-5.83%,-3.46%,-4.92%,-5.73%,-0.60%,-1.96%,-3.36%,-0.37%,2.52%,1.25%,1.17%,-2.47%,2.81%,6.35%,-1.79%,-6.21%,-4.23%,1.12%,-3.06%,-2.50%,0.42%,4.34%,0.68%,1.07%,-2.76%,-1.02%,-0.82%,4.87%,-6.12%,-0.68%,-1.18%,-1.88%,0.89%,-2.36%,-9.38%,2.54%,1.93%,-1.21%,0.24%,0.30%,1.01%,-1.60%,-1.50%,-0.95%,0.50%,0.19%,0.05%,0.29%,0.82%,0.64%,0.38%,-0.02%,0.19%,0.41%,0.83%,-0.22%,0.01%,0.07%,0.89%,3.01%,0.12%,0.60%,1.32%,-0.05%,1.49%,0.39%,-1.50%,2.54%,0.61%,1.51%,2.36%,-1.40%,3.33%,-1.11%,-2.90%,-1.55%,-2.24%,-1.35%,3.48%,-4.09%,1.72%,1.88%,1.20%,1.54%,0.00%,-1.37%,-0.36%,1.19%,-1.16%,2.36%,-0.21%,1.05%,-0.35%,2.28%,-2.06%,2.03%,-1.09%,-0.96%,-1.66%,1.16%,-0.45%,-0.17%,-0.55%,0.31%,0.74%,1.74%,-2.41%,1.09%